.038,.046
.039,.046
.04,.046
.032,.019
.294,.152
.536,.223
.248,.112
.016,.016
.038,.018
.247,.128
.029,.017
-.287,.109
.503,.204
-.309,.122
-.258,.109
.307,.14
.288,.141
-.134,.073
-.101,.04
-.137,.063
-.117,.044
-.125,.064
.055,.013
.012,.016
.106,.023
.019,.014
.091,.023
.032,.013
.04,.014
.045,.026
.036,.027
.113,.028
.089,.025
.044,.034
.06,.022
.126,.033
.03,.011
.065,.063
.033,.025
.004,.012
.032,.017
.024,.017
.089,.068
.015,.015
.025,.021
.14,.032
.026,.015
.159,.062
.058,.017
.048,.008
.053,.046
.031,.013
.033,.008
.066,.009
.05,.014
.108,.01
.039,.007
.026,.007
.031,.007
.054,.0013
.084,.01
.1,.014
.034,.009
.081,.028
.007,.019
.075,.019
.127,.023
.291,.097
.152,.049
.193,.019
.147,.03
.129,.032
.185,.019
.143,.034
.21,.047
.109,.024
.184,.044
.31,.081
.106,.023
.226,.05
.161,.047
.125,.055
.133,.033
.145,.03
.202,.046
.105,.023
.152,.046
.314,.079
.196,.041
.191,.019
.195,.019
.304,.078
.144,.03
.275,.104
.182,.019
.277,.1
.189,.019
-.098,.037
-.033,.014
-.044,.016
-.038,.023
-.156,.041
-.192,.047
-1.074,.426
-3.504,.856
-11.106,5.222
-.006,.0126
-.389,.974
-1.276,.553
-.035,.012
-.273,.046
-.184,.033
.311,.103
.36,.088
.469,.179
.383,.152
.252,.072
.13,.054
.1,.054
.364,.133
.294,.073
.13,.055
.232,.072
.319,.103
.379,.152
.252,.068
.059,.026
.106,.036
.045,.008
.029,.007
.022,.01
.045,.013
.036,.007
.012,.044
.096,.046
.027,.008
.051,.021
.025,.006
.029,.01
.08,.034
.024,.037
.039,.012
.029,.005
.031,.008
.075,.025
.015,.037
.08,.039
.045,.034
.032,.005
.081,.036
.023,.007
.02,.009
.028,.008
.027,.008
.021,.006
.027,.012
.031,.035
.032,.01
.015,.006
.041,.011
.029,.045
.047,.065
.069,.081
.017,.011
.119,.029
.032,.009
.022,.024
.023,.028
.021,.017
.021,.007
.016,.029
.031,.007
.118,.032
.003,.03
.002,.006
.083,.036
.019,.006
.021,.005
.003,.032
.07,.091
.088,.026
.043,.011
.028,.014
.05,.034
.062,.025
.038,.007
.036,.009
.043,.026
.125,.051
.062,.011
.029,.008
.011,.023
.036,.025
.041,.009
.037,.01
.023,.013
.08,.026
.036,.009
.009,.021
.034,.038
.056,.012
.018,.007
.059,.012
.101,.043
.053,.007
.019,.003
.035,.018
.023,.011
.027,.005
.042,.012
.001,.021
.075,.082
-.033,.054
-.066,.09
.054,.054
.085,.059
.156,.042
.06,.077
.17,.087
.19,.044
.064,.038
-.027,.018
-.033,.054
2.227,.643
1.97,.888
.526,.206
.528,.233
.297,.131
.003,.067
.078,.039
-.032,.03
-.019,.031
.511,.239
.042,.018
.477,.203
.078,.039
.004,.019
-.02,.018
.323,.136
.026,.035
.012,.019
1.934,.855
.072,.032
.012,.035
2.217,.671
-.041,.052
.02,.022
.337,.098
.024,.065
.045,.018
.078,.032
.027,.023
-.524,.465
11.82,2.636
9.063000000000001,1.497
6.748,1.347
.297,.159
.065,.019
.0545,.202
2.354,.634
2.856,1.164
9.984999999999999,1.647
2.218,.645
.173,.028
-.259,.26
-2.35,.83
.349,.157
6.192,1.031
.13,.162
2.616,.57
10.71,2.277
.493,.232
6.717,.865
10.84,3.463
.0238,.13
7.004,.999
.289,.137
.364,.151
.187,.087
.363,.105
.209,.091
.211,.097
.097,.097
.125,.058
.075,.015
19.8,8.31
528,476
-.011,.021
-.047,.054
.06,.019
22.6,11.4
15.6,7.639
-.061,.019
.064,.031
887,487
-43.3,902
32.7,5.64
110,330
-.003,.027
23.3,76.90000000000001
12.9,9.27
-27.3,111
-13.8,599
-.009,.024
77,60
3.63,391
-.036,.015
1.87,18.7
-.043,.026
-443,1257
-.013,.026
.044,.048
-.015,.032
-72.5,222
226,163
.031,.024
-.417,.024
-.417,.024
-.419,.023
-.059,.123
.027,.092
.031,.114
-.42,.023
.072,.054
-.103,.125
.245,.053
.0071,.038
.06,.03
.0044,.0055
.085,.042
.091,.03
.163,.029
.017,.007
.01,.0058
.121,.046
.185,.052
.023,.01
.085,.03
.011,.012
.024,.039
.02,.037
.05,.034
.033,.036
.114,.041
.0002,.0092
.085,.041
-.024,.006
-.178,.074
-.02,.005
-.035,.006
-.026,.006
-.01,.101
-.249,.229
-.002,.001
-.02,.005
-.578,.133
-.108,.116
-.004,.001
-.492,.133
-.548,.079
-.655,.051
-.607,.055
.016,.015
-.5679999999999999,.05
-.005,.001
.06,.058
-.02,.005
-.696,.028
-.534,.058
-.024,.01
-.027,.005
-.026,.005
0,.007
-.032,.005
-.02,.005
-.029,.01
-.637,.052
-.236,.125
-.004,.007
-.149,.056
-.444,.048
-.001,.001
.239,.175
.82,.12
.44,.08
.06,.05
.63,.18
.28,.07
.89,.19
1.09,.21
.67,.21
.19,.05
-.337,.179
.53,.11
.97,.13
.54,.1
.0178,.0446
.23,.06
.38,.1
.22,.06
-.114,.0476
1.04,.22
.33,.28
.1,.05
.08,.07
.51,.14
-.0394,.0772
-.02,.07
.07,.07
.2,.05
.22,.05
-.294,.162
.67,.14
.26,.08
.74,.11
.48,.1
1.09,.18
.13,.08
.55,.09
.31,.09
.72,.09
.38,.07
.37,.11
.53,.13
.23,.07
1.11,.11
.55,.08
.09,.2
1.05,.11
.19,.07
.14,.03
.41,.1
1.41,.2
.57,.18
.28,.07
-.035,.133
.5600000000000001,.08
.23,.06
.14,.04
.47,.1
.4,.25
-.06,.05
.57,.1
.042,.039
.15,.085
.027,.009
.077,.048
.022,.029
.022,.028
.018,.016
.019,.035
.047,.027
.038,.033
.152,.037
.08,.043
.074,.04
.058,.047
.052,.015
.192,.068
.019,.038
.033,.012
.135,.074
.05,.01
.098,.042
.192,.066
.026,.028
.027,.023
.019,.012
.051,.009
.023,.008
.057,.009
.026,.027
.006,.012
.033,.053
.059,.019
.08,.046
.012,.008
.123,.053
.025,.009
.1236,.051
.011,.012
.058,.046
.047,.026
.064,.01
.013,.022
.135,.072
.007,.021
.04,.026
.048,.013
.021,.006
.01,.014
.06,.018
.044,.058
.013,.023
.0042,.0039
.0063,.0226
.0104,.0068
.0013,.002
.0118,.0066
.0013,.0025
.0002,.0042
.0008,.0044
.0083,.0062
.011,.0116
.1884,.1483
.0048,.0041
.019,.01
.012,.002
.013,.011
.013,.001
.006,.004
.01,.002
.025,.005
.027,.005
.026,.004
.01,.002
.003,.011
.041,.014
.014,.004
.026,.004
.01,.002
.005,.003
.004,.004
.024,.006
.016,.002
.009,.002
.01,.005
.012,.001
.003,.004
.001,.001
.002,.001
.009,.003
.017,.007
.019,.006
.011,.001
.019,.008
.003,.001
.007,.003
.028,.005
.011,.002
.02,.006
.004,.001
.011,.002
.008,.004
.007,.002
.006,.001
.007,.003
.006,.002
.012,.002
.014,.003
.014,.002
.007,.002
.004,.002
.001,.001
.01,.002
.022,.014
.008,.003
.004,.01
.002,.001
.01,.001
.001,.003
.013,.015
.024,.006
.01,.005
.001,.003
.002,.001
.009,.002
.026,.004
.003,.014
.002,.001
.019,.006
.008,.005
.009,.002
.021,.005
.005,.001
.028,.005
.019,.006
.011,.001
.012,.002
.006,.005
.011,.001
.002,.005
.004,.001
.002,.001
.016,.002
.002,.017
.008,.003
.029,.008
.029,.005
.03,.012
.026,.005
.008,.003
.008,.002
.012,.002
.028,.005
.002,.001
.002,.001
.019,.008
.003,.001
.019,.008
.024,.006
.005,.001
.031,.01
.019,.005
.026,.004
.004,.001
.008,.002
.008,.002
.003,.001
.014,.002
.025,.004
.003,.001
.001,.003
.028,.005
.007,.003
.009,.002
.012,.001
.002,.005
.015,.016
.007,.006
.217,.047
.075,.024
.019,.019
.029,.021
.013,.014
.298,.094
-.002,.004
-.002,.006
.028,.023
-.005,.004
.001,.004
.006,.008
.002,.008
.073,.017
-.001,.005
0,.005
.003,.005
.005,.014
-.018,.031
.008,.008
.009,.02
.037,.015
.046,.011
.039,.013
.038,.01
.02,.017
.236,.026
.095,.018
.089,.012
.063,.014
.144,.02
.141,.02
.211,.025
.095,.036
2303.7,1126.6
11525.4,1949.5
.109,.022
3037.1,15468.4
863.5,1346.4
.014,.007
11839.4,3089.2
.464,.072
.012,.009
.156,.057
-.029,.009
.019,.038
2490.1,1327.1
-.019,.011
.011,.005
.067,.031
.243,.062
.002,.013
.002,.007
.065,.032
.001,.048
-.012,.082
2388,1084.2
4138.1,2098.2
-183.5,1540.8
.008,.009
.019,.005
.01,.006
.369,.074
.027,.004
.133,.052
14799.4,3010
.085,.034
-.007,.015
5468.9,1798.9
-.03,.011
3596.3,2006.6
.068,.01
.028,.009
.037,.06
.016,.033
.029,.01
.021,.007
.047,.014
-.111,.053
.104,.036
6695.2,1904.5
.009,.005
14355.6,2590.6
.23,.028
2804.5,999.8
.043,.015
.004,.016
.222,.05
.009,.005
.019,.007
-.036,.045
.07,.033
.023,.008
12065.1,4154.2
2782.7,970.7
0,.062
658.8,2510.5
.021,.007
.001,.005
726.7,2435.3
.006,.01
2370.4,1457.5
.017,.005
-.01,.014
13379.7,2044
.016,.005
2533,2193.6
.25,.078
.057,.018
.244,.068
.26,.078
.223,.078
.182,.063
.117,.066
.191,.065
1.73,.88
.048,.037
.025,.043
.024,.159
59.2,25.1
.23,.18
.22,.16
.21,.07
73.09999999999999,29.6
125.3,135.2
48,189.7
.006,.029
.002,.064
.03,.71
.017,.094
.053,.081
.053,.076
.067,.12
.043,.02
157.9,138.2
91.09999999999999,208.9
.08,.05
.019,.025
.031,.013
.003,.02
.29,.29
.02,.11
1.84,.67
.009,.008
.055,.092
10.2,100.1
.04,.09
.002,.01
1.38,.53
.3,.3
.11,.22
.002,.062
.24,.73
.014,.113
.23,.15
.002,.135
.26,.6
1.15,.5600000000000001
.03,.06
.05,.71
.12,.24
29.7,101.4
.079,.062
1.173,4.41
.843,3.18
.9419999999999999,.78
1.232,2.7
1.432,3.05
1.173,2.7
1.378,1.15
2.491,.318
.6840000000000001,.178
-.0519,.0103
-.269,.0673
.0453,.0117
-.0431,.0177
-.0301,.0188
-.0505,.0233
.0117,.02
-.152,.0375
.0535,.0238
-.308,.117
-.294,.0663
-.148,.0503
.0506,.0113
-.0193,.0169
.0412,.0085
-.0441,.0101
-.0616,.0251
-.0266,.0171
-.0518,.0231
-.0534,.0268
-.319,.117
.0277,.00772
-.21,.07
-.28,.08
-.16,.02
.14,.2
-.33,.08
-.12,.02
-.14,.02
-.12,.07
-.19,.07
3.34,.29
-.07,.03
-.23,.08
-.06,.07
-.18,.02
-.637,.242
-.629,.257
1.695,.5590000000000001
1.737,.518
8.800000000000001,3.2
.023,.022
.004,.023
.001,.006
.008,.008
.012,.007
.011,.005
.014,.005
.015,.01
.014,.011
.009,.009
.013,.008
.02,.012
.001,.008
.002,.015
.002,.027
.007,.008
.009,.009
.056,.029
.02,.015
.012,.007
.043,.048
.037,.031
.003,.023
.012,.007
.021,.012
.003,.018
.03,.008
.16,.011
.014,.008
.009,.01
.001,.027
.048,.023
.007,.008
.008,.01
.029,.008
.039,.024
.016,.008
.02,.01
.004,.011
.02,.01
.014,.005
.001,.008
.008,.009
-.1,.01
.003,.005
.002,.007
.018,.022
.052,.032
.019,.019
.006,.003
.003,.003
.008,.01
.004,.008
.02,.018
.007,.007
.007,.004
1.00000000000e-06,.00842
.005,.003
.011,.011
.005,.004
.047,.029
.002,.004
.003,.002
.001,.008
.006,.016
.007,.005
.018,.02
.003,.002
-.04,.03
-.03,.02
.04,.05
.95,.08
-.19,.33
-.01,.02
.64,.04
1.04,.05
.09,.05
.64,.07
-.06,.02
0,.01
-.28,.25
0,.02
.66,.05
1.03,.08
-.46,.024
.63,.06
-.06,.02
1.11,.06
-.02,.01
-.58,.3
-.04,.02
.01,.01
-.05,.06
.01,.01
-.03,.04
.01,.02
.02,.02
0,.01
.03,.03
-.04,.05
-.01,.01
9.971,4.42
.036,.015
4.425,2.703
.035,.016
.067,.025
6.121,2.825
.031,.016
8.186999999999999,3.783
.065,.026
5.766,2.589
5.769,2.703
.041,.016
.023,9.013999999999999
5.866,2.492
-2.6,1
3,1.7
9.699999999999999,1.3
3.5,6.2
43.4,8
4.6,.8
-82,6.8
36.7,3.4
7.9,1.3
13.7,3.1
-23.7,3.5
-6.5,1.3
31,4.5
-2,.7
-5.7,1.8
8.300000000000001,2.4
9.300000000000001,3.2
-14.2,2.7
-36.4,1.7
-2.3,.5
-27.3,1.9
-10.2,.9
-8.300000000000001,1
42.9,2.2
.343,.164
.386,.127
.229,.11
.388,.127
.399,.118
.396,.128
-1.765,.6909999999999999
.079,.116
-.05,2.8
-.104,.142
.019,.047
.001,.023
-.011,.202
-.43,.07
2.343,6.598
.056,.05
-3.05,1.67
-.519,.059
.038,.036
.139,.119
-3.35,2.46
-.114,.191
.86,.6
-2.6,3.54
-2.749,.8179999999999999
-.297,.054
3.574,4.398
-6.57,3.13
.448,.71
-.048,.033
-.62,2.02
.124,3.717
-2.04,1.79
23.76,5.071
-3.43,.8100000000000001
-.011,.051
-1.36,.48
-3.128,.956
3.01,2.21
-.369,.122
19.01,4.357
-2.63,.667
-.48,.06
-2.32,1.78
-.24,2.04
-.18,.093
-.32,.05
-.451,.072
.087,.045
.124,.116
-.11,.613
-.024,.031
-.002,.023
3.212,4.514
-2.83,.59
5.445,4.47
-.47,.05
-.448,.071
3.459,3.653
-.308,.055
-.88,3.41
4.74,.9
-.019,.03
3.39,2.23
-.321,.126
-2.42,.59
.23,4.641
22.838,5.245
.082,.079
3.32,.83
3.29,.71
.015,.046
-.041,.033
.103,.082
.092,.119
3.54,3.73
3.301,6.605
-.507,.059
.457,4.258
.0265,.00657
.0227,.00679
.0243,.00716
.0253,.00642
.03,.0073
.0253,.0136
.0281,.00731
.04,.012
.0186,.00693
.0429,.0143
.0443,.0134
.0233,.0128
.0475,.0131
.0252,.00662
.0468,.0142
.0207,.00848
.0363,.0122
.0436,.014
.0134,.00807
.0203,.00859
.0275,.00726
.0488,.0143
.0526,.0135
.049,.0134
.602,.397
.11,.038
1.085,.393
.122,.042
1.274,.436
.06,.038
.029,.008
.028,.008
.004,.157
-.018,.012
.029,.008
.237,.099
.179,.076
.153,.045
.236,.087
.138,.048
.032,.008
56.14,6.33
3.58,1.61
7.482,.931
.002,.001
.003,.001
.003,.001
.01,.002
.003,.001
.002,.001
.004,.001
.003,.001
.002,.001
1483.807,447.635
.026,.029
.03,.021
1576.435,760.816
858.7910000000001,343.989
.01,.019
.016,.029
33.701,520.111
3980.763,894.428
.064,.039
457.034,419.253
.022,.027
.049,.033
579.8,402.078
393.853,404.733
.016,.02
1948.158,766.787
.004,.021
.033,.022
306.47,425.701
.002,.014
676.849,399.008
193.89,508.486
48.436,963.871
948.602,470.92
280.021,438.278
.007,.021
.029,.027
358.662,347.809
.004,.013
.116,.061
.009,.018
3.829,1.815
-.043,.018
-.003,.002
1.357,.238
.001,.002
-.094,.019
-.016,.014
.01,.001
-.521,.221
0,.001
.008,.002
.002,.002
-.179,.034
.052,.049
-2.536,.334
4.721,1.28
2.559,.671
-.048,.005
-.2,.066
-.097,.023
-.079,.023
-2.337,.17
1.037,.511
1.201,.232
-.076,.023
.009,.003
-.022,.013
-1.202,.186
.9370000000000001,.462
-2.44,.183
.74,.161
-.002,.001
.795,.176
.009,.001
-1.248,.154
.004,.002
-.057,.005
-.077,.022
-.061,.017
.787,.174
.005,.002
.847,.192
.002,.001
-.516,.193
-2.544,.313
-.08,.024
.005,.002
.081,.048
.007,.003
-.11,.025
.07,.036
.056,.028
-.181,.0663
.217,.0886
.00803,.0259
.0482,.0498
.236,.0921
.0813,.0481
.0868,.0597
-.149,.0798
.111,.0522
.0647,.0426
-.176,.0659
.0114,.0566
.281,.294
-.171,.0661
.11,.0528
.0242,.0445
.0127,.0284
-.0904,.0776
.0628,.0297
.199,.259
-.156,.0636
.127,.107
.0618,.0301
.248,.0919
-.00843,.0405
.243,.0917
.105,.052
.0539,.0254
.205,.111
.92,.192
1.915,.28
1.998,.268
.916,.191
1.169,.391
.889,.202
1.087,.275
.9,.186
1.093,.278
1.093,.28
1.997,.266
2.015,.264
10.411,4.739
70.084,69.896
.009,.035
.099,.048
10.05,139.101
3.006,.77
2.223,.992
.011,.035
.101,.049
.62,.373
3.003,.759
10.25,4.727
.041,.013
.041,.013
2.325,.982
.582,.381
.0489,.0149
.0467,.0239
-.0745,.0284
-.0985,.0279
-.0839,.037
.0631,.0174
-.0669,.0236
.0375,.0195
.000743,.0019
.00132,.00249
.0023,.00274
-.00108,.00141
.00319,.00276
.205,.021
.301,.018
.255,.015
.07,.01
.105,.01
.12,.02
.112,.02
.042,.01
1138,270
.103,.01
-98,126
.088,.01
1110,372
-592,61
-790,163
.081,.03
.125,.01
-178,36
-63,73
.056,.01
.028,.01
.094,.02
.096,.02
.074,.01
.01,.005
.017,.011
.002,.012
.096,.036
.003,.004
.0003,.0014
.003,.008
.005,.009
.0001,.0002
.0001,.0017
.001,.0007
.03,.0288
.015,.005
.0028,.0017
.008,.0007
.0007,.0016
.0005,.001
.002,.009
.0014,.0007
.001,.001
.0011,.0003
.007,.023
.0012,.0004
.0022,.0015
.0158,.071
.016,.013
.0014,.0006
.0028,.001
.008,.006
.01,.003
.001,.0013
.0026,.0009
.024,.006
.038,.025
.032,.009
.003,.004
.01,.009
.0001,.0001
.002,.005
.007,.014
.016,.006
.005,.006
.0003,.0013
.0001,.0001
.0009,.001
.03,.007
.002,.0016
.0007,.0007
.0027,.001
.012,.007
.02,.022
.017,.012
.012,.012
.0007,.0013
.0012,.0007
.0012,.0012
.0009,.0005
.022,.019
.008,.005
.014,.012
.008,.004
.008,.02
.0025,.0019
.001,.0011
.01,.006
.02,.01
.0009,.001
.005,.005
.014,.007
.009,.006
.01,.006
.0013,.0007
.0021,.0009
.0017,.0017
.0015,.0006
.001,.0005
.0014,.0007
.0016,.0007
.005,.007
.0009,.0009
.014,.007
.01,.005
.0165,.066
.0006,.0007
.005,.004
.0013,.0006
.012,.004
.014,.004
.022,.006
.0009,.0004
.009,.004
.01,.015
.107,.034
.002,.0013
.001,.005
.01,.014
.0003,.0009
.0024,.0009
.006,.014
.144,.09
-.9350000000000001,.759
.177,.089
-.069,.038
-.784,.757
-.295,.411
.005,.003
-.05,.015
-.088,.029
.077,.016
.027,.022
.026,.022
-.889,.0764
-1.027,.629
.167,.089
.075,.016
.077,.016
.012,.004
-.051,.015
-.01,.007
.027,.022
-.047,.015
-.005,.008
-.016,.01
-.004,.012
.058,.034
.063,.024
.003,.009
.064,.02
.061,.024
.003,.008
.158,.0847
.006,.007
.279,.151
-.013,.036
-.531,.117
-1.205,.0442
-.528,.107
-.0736,.154
-.00267,.00114
-.538,.107
-.0332,.000744
-.0244,.005
-.345,.131
-.327,.124
-.531,.117
-.0494,.00197
-.538,.107
-.352,.128
.00944,.00861
.0944,.062
-.0322,.000939
-.0322,.000939
-.101,.0269
-.00267,.00114
-.345,.131
-.524,.117
-.352,.128
-1.205,.0442
-.0244,.005
-.528,.107
-.327,.124
-.0736,.154
.0944,.062
-.00877,.00667
.00944,.00861
-.0303,.00763
-.021,.00566
-.486,.147
-.172,.0175
-.0303,.00763
-.486,.147
-.00207,.00555
-.00877,.00667
-.524,.117
-.00207,.00555
-.172,.0175
-.101,.0269
-.021,.00566
-.0332,.000744
-.0494,.00197
.18,.03409091
1.25,.29205607
.67,.10518053
.29,.04524181
.11,.05699482
.63,.10144928
.02,.05555556
.88,.21515892
.02,.0060241
.9399999999999999,.27647059
.1,.04291845
2.93,.8746268699999999
.3,.08982036
.11,.04564315
.04,.01030928
.03,.02
.23,.05145414
.05,.00988142
.41,.08991228
2.94,.96393443
1.56,3.9
.15,.03631961
.83,.19347319
.62,.08277704
.72,.94736842
7.2,2.8125
.09,.01182654
.16,.04692082
.09,.02425876
.03,.00993377
.02,.00503778
5.4,3.6986301
.54,.11538462
.06,.01522843
.47,.09233792
1.16,.29292929
.07,.01372549
.04,.02247191
6.76,3.4489796
.12,.06
.04,.01408451
.02,.04444444
.16,.04678363
.21,.11413043
.38,.11987382
.02,.00511509
.14,.03517588
4.18,.891258
.07,.00943396
.03,.01204819
.54,.08181818
.041,.003
.021,.007
.037,.002
.017,.006
.052,.002
.04,.002
.021,.015
.045,.003
.015,.009
.466,.128
-.639,.087
-.781,.781
-.72,.312
.067,.405
1,.6
-.63,.315
-.519,.285
.315,.574
-1.194,.453
-.665,.291
.0042,.002
-.0028,.0068
-.0044,.0017
-.013,.0048
.0022,.0008
.0036,.0011
.0115,.0049
-.0024,.0026
.0009,.0006
.0021,.0028
.0058,.0016
.0095,.0035
-.3,.128
-.139,.032
.117,.063
-.063,.023
-.077,.053
-.149,.035
.9330000000000001,.269
.662,.209
.117,.063
-.214,.08
-.149,.035
-.369,.081
-.369,.081
-.226,.109
-.226,.109
-.139,.032
-.324,.102
-.214,.08
-.063,.023
-.324,.102
-.231,.093
.662,.209
-.047,.02
-.029,.022
-.047,.02
-.231,.093
-.046,.024
-.029,.022
-.046,.024
-.077,.053
-.3,.128
.9330000000000001,.269
.0383,.0264
.00269,.00791
.0315,.0147
.0269,.0143
.0214,.0223
.0224,.0142
.0365,.0264
.0255,.0143
.0324,.0129
.0213,.0236
.0338,.013
.0018,.0143
.0111,.00798
.0263,.0246
.00203,.0142
.0245,.0222
.000134,.0144
.00224,.00789
.037,.0355
.003,.014
.0459,.0157
.0469,.0245
.0425,.0166
.002,.0103
.081,.014
.028,.0968
.01,.104
.011,.104
.07,.0407
.017,.014
.0578,.0228
.039,.039
.015,.007
.02,.007
.0687,.028
.0569,.0261
.033,.01
.003,.0108
.04,.0381
.072,.0426
.004,.00969
.0447,.0191
.012,.02666667
.072,.03692308
.269,.14861878
.214,.32424242
1.474,3.1361702
1.536,.81355932
.101,.05976331
.089,.04836957
.379,.29379845
.079,.04968553
1.784,3.2436364
.032,.02147651
8.324999999999999,9.568965499999999
.047,.02473684
.044,.05176471
.018,.03050847
.017,.02098765
.305,.27981651
.056,.04666667
.057,.04789916
.256,.15058824
.059,.03986486
.059,.06941176
.3686,.21940476
.108,.25714286
.044,.61111111
.15,.21428571
.009,.02093023
.035,.0239726
.235,3.9166667
.017,.02575758
.008,.08888889
.315,.18
1.882,1.6954955
.055,.09166667
.038,.07755102
.282,.16423995
.056,.25454545
3.64,8.4651163
.012,.1
.149,.31702128
.15,.13636364
1.371,1.9309859
.08,.06722689
.206,.17758621
.072,.2
.349,.1745
.25,.13812155
.31,.17222222
.212,.25853659
.026,.06666667
.01,.007
.131,.06
.084,.049
.107,.053
.055,.049
-.04,.045
.047,.03
.202,.052
.053,.023
-.054,.055
-.047,.069
.059,.029
.075,.031
.116,.064
.015,.009
.15,.06
-.041,.066
.084,.07
-.019,.048
-.006,.013
.058,.044
.045,.021
.045,.026
-.022,.039
.035,.018
.076,.044
-.002,.019
.029,.015
.075,.037
.166,.154
4.077,3.508
.206,.113
.37,.307
.225,.149
.195,.741
.039,.018
6.002,3.102
.338,2.723
.062,.022
.86,.416
18.256,7.804
.297,.411
.006,.001
11.664,6.254
.112,.518
.035,.114
.047,.087
.092,.111
.482,.347
.027,.015
.005,.003
1.113,1.054
.019,.039
.024,.012
.006,.001
.782,1.007
2.271,1.75
.147,.247
.724,1.822
.044,.008
.005,.002
.703,1.105
1.545,26.628
.042,.008
.29,.621
2.6,.96
1.722,.592
16.858,15.228
1.759,3.133
1.175,.467
1.32,2.596
.099,.156
.1,.138
.061,.253
.5629999999999999,.742
.03,.033
.002,.015
.014,.017
.098,.187
.977,.695
.007,.002
.009,.024
.038,.01
.28,.068
.197,.113
.555,.042
.39,.111
.518,.164
.359,.113
.469,.163
.6,.042
.31,.115
.257,.069
.175,.11
.293,.113
.506,.159
.543,.051
.31,.112
.423,.162
.374,.116
.489,.04
.285,.068
.273,.062
.267,.11
.3,.062
.332,.162
.677,.037
.354,.108
.094,.031
.041,.029
.137,.032
.038,.01
.007,.005
.035,.015
.015,.006
.499,.084
.017,.005
3.037,.7
2.319,.715
.015,.005
.0063,.0031
.0089,.0034
.04,.008
2.926,.664
2.794,.88
.0092,.0037
.044,.007
.034,.008
.042,.007
.349,.139
.0071,.0031
.0136,.0055
.041,.008
.02,.005
.505,.083
.0086,.0037
.041,.008
.455,.077
4.407,.667
.02,.005
2.929,1.67
.28,.415
.9379999999999999,.447
1.267,.739
.186,.132
.008,.003
.287,.414
.119,.091
.012,.003
.011,.005
.001,.003
2.923,1.671
.015,.005
.012,.005
.123,.089
.009,.004
1.196,.5578
.008,.004
1,.415
.006,.003
.015,.009
.8129999999999999,.342
.008,.004
.009,.004
-.045,.01
.021,.02
.01,.012
-.038,.009
.033,.03
-.054,.012
.87,.6
6.94,4.48
512,371
.49,.53
83.3,19.2
.002,.001
949,244
1.1,1.17
66.40000000000001,13.6
7892,2239
3218,1046
2087,1070
.87,1.07
159.2,15
14140,4662
4.3,42.7
739,360
.78,.6899999999999999
1.37,.79
416.4,1338.31
76,22.4
3.44,.39
840,261
238.4,68.90000000000001
9,20.6
1.61,7.56
.5600000000000001,1.2
1.94,1.06
.001,.001
259,566
51.18,7.86
64.3,14.1
.29,.61
46.1,42.6
.11,.61
.12,.71
.7,.75
247.32,671.33
.48,.67
12.35,8.039999999999999
2.03,.7
1.83,.78
1442,855
443.4,24.5
.001,.001
2.08,.82
35.1,9.5
.27,.51
20.53,643.99
3.45,.41
.001,.001
1.4,.98
1.67,1.43
2.14,1.11
.001,.001
.54,.82
2.99,.33
3.4,.4
7.1,20.9
1051,464
.78,.64
197,442
834,790
23.3,14.2
3216,989
1.5,.85
1.42,1.02
.003,.002
.51,1.13
29.54,8.56
16.3,45.6
6.84,4.43
2.77,1.01
7726,223
2310.81,1035.53
5.4,47.5
450.5,27.1
.001,.001
1.15,1.19
29.7,62.7
8.41,.65
1.91,.77
18,14.9
1.81,1.02
8.76,9.23
2.23,.97
67.59999999999999,40
150.1,16.8
140,74.2
86,22.3
140,378
.12,.7
.8,.88
64.09999999999999,40.6
40.7,44.2
18.6,50.6
256,357
214.8,68.90000000000001
154.2,18.3
.54,.82
1.64,.73
2917,1010
3.27,.43
31.7,10.4
1923.24,1274.76
.23,.52
406,385
2077,905
3.14,.35
61.6,16.3
182,560
.91,.75
.27,1.07
83.8,19.2
.003,.003
2618.47,779.27
.74,.63
9781,1683
.002,.003
8.06,.59
180,480
2889,825
.08,.71
.1,.71
.14,.59
52.31,7.83
3.6,3.05
883,317
419.93,1365.69
34.1,9.140000000000001
2560.79,788.74
.98,.62
8.48,.61
396,660
1907.53,525.42
2.15,.72
29.81,5.39
877,319
2.13,7.23
6.01,1.66
3.42,3.01
2527,669
.001,.001
65.09999999999999,17.4
5.22,1.68
2402,865
.55,.5600000000000001
1856.65,536.08
98,860
1.99,.76
5.6,33.4
30.42,8.41
33.4,10.4
.47,.8100000000000001
14.1,50.1
1.307,.53
1228,484
.001,.001
3.27,.39
8.51,.57
1.314,.9
.22,.73
2034,699
3.03,.33
821,328
1100,608
1379,852
.95,.64
2023,891
143.7,74.09999999999999
.001,.001
2.4,37.1
1.84,1.4
28.53,5.37
167.2,15.5
.6899999999999999,.7
-.009,.003
.037,.03
.037,.03
.102,.028
-.003,.004
-.003,.004
-.004,.001
-.0012,.00049
-.004,.001
.102,.028
-.0012,.00049
-.009,.003
.0764,.0365
.0017,.0272
-.0363,.0195
-.15,.0438
.345,.0648
-.153,.0456
-.153,.0462
.22,.0614
.0917,.0401
.158,.0764
.0214,.131
-.0602,.0199
.33,.0377
-.235,.0515
.0153,.0168
-.059,.0194
-.203,.469
.148,.0407
.159,.0323
.171,.0342
.011,.027
.055,.032
.006,.015
.057,.028
.12,.051
.049,.022
.024,.025
.004,.015
.054,.04
.053,.032
.036,.02
.068,.028
.024,.021
.007,.012
.058,.032
.039,.02
.022,.011
.04,.021
.051,.023
.059,.032
.046,.029
.025,.026
.103,.05
.002,.014
.025,.022
.032,.023
.032,.024
.023,.028
.045,.024
.034,.041
.011,.013
.016,.023
.036,.03
.016,.023
.038,.029
.025,.02
.1,.044
.052,.028
.054,.023
.063,.028
.067,.032
.001,.011
.089,.036
.023,.028
.015,.018
.003,.013
.033,.025
.026,.012
.022,.026
.073,.032
.047,.026
.038,.025
.039,.044
.042,.036
.069,.047
.054,.028
.007,.01
.027,.023
.021,.027
.081,.033
.004,.022
.0147,.0109
.102,.0329
.046,.00821
.0612,.0255
.0517,.0606
.0915,.0654
.0389,.0132
.0799,.0186
.127,.0606
.0528,.0249
.0474,.0264
.04666,.01777
.0452,.0154
.0222,.0207
.0545,.0186
.0789,.0122
.0136,.00625
.0516,.0152
.126,.0702
.0758,.0222
.037,.00857
.0289,.0189
.0488,.0542
1843,6859.3
-.142,.5659999999999999
-6949.2,9093.5
-.0247,.309
-.113,.375
-.0356,.0426
-.0401,.0315
312.2,7463
-.385,.495
-.311,.509
.015,.025
.114,.081
.002,.015
.188,.057
.184,.063
.116,.077
.553,.195
.381,.169
.109,.046
.931,.434
.114,.3046
.904,.118
.391,.17
.55,.195
.15,.11
.38,.06
.09,.05
.05,.04
.09,.03
.01,.04
.3,.1
.11,.03
.07,.06
.5600000000000001,.006
.12,.04
.05,.06
.03,.02
.13,.13
.01,.02
.11,.03
.45,.05
.18,.02
.87,.13
.03,.11
.43,.19
.07,.04
.02,.03
.04,.02
.03,.04
.1,.05
1,.01
.05,.04
.45,.15
.04,.02
.02,.01
.18,.03
.2,.02
.07,.03
.09,.02
.6,.07
.02,.14
.16,.29
.15,.02
.04,.02
.12,.05
.21,.06
.23,.04
.04,.03
.09,.05
.03,.01
.03,.02
.14,.12
.53,.08
.01,.05
.6,.26
.03,.04
.79,.15
.76,.22
.04,.02
.03,.29
.09,.02
.05,.02
.01,.012
.12,.06
.04,.03
.68,.07
.1,.03
.04,.04
.01,.01
.09,.02
.47,.06
.02,.04
.2,.03
.4,.18
.11,.31
.88,.18
.14,.06
.06,.02
.06,.02
.23,.03
.07,.02
.13,.03
.16,.15
.04,.02
.76,.21
.03,.03
.01,.05
.16,.06
.12,.02
.06,.04
.08,.03
.01,.02
.02,.04
.07,.03
.17,.15
.12,.06
.02,.01
.02,.02
.03,.16
.02,.05
.02,.02
.05,.01
.02,.05
.15,.05
.21,.06
.01,.04
.49,.17
.03,.01
.19,.16
.24,.04
.17,.03
.08,.04
.11,.05
.17,.03
.24,.05
.05,.04
.18,.02
.09,.15
.12,.04
.06,.05
.2,.03
.09,.04
.09,.13
.01,.02
.04,.06
.07,.03
.04,.15
.37,.14
.02,.02
.38,.13
.04,.02
.95,.13
.65,.08
.04,.04
.21,.02
.25,.12
.09,.05
.13,.03
.18,.06
.04,.02
.03,.01
.715,.121
1.105,.198
.103,.051
.01,.009
.354,.074
.413,.099
.036,.012
.114,.064
.041,.008
.187,.09
1.06,.128
.123,.0226
.355,.075
.634,.175
.616,.119
.407,.094
.528,.09
9.949999999999999,2.05
1.04,.16
6.81,1.741
.003,.012
.185,.048
.57,.105
.625,.123
.151,.093
.121,.092
.347,.119
.529,.091
.0231,.071
.34,.068
.132,.072
.652,.175
.06,.078
.728,.143
.011,.003
1.163,.205
.88,.168
.135,.205
1.93,.152
.077,.012
.191,.0087
.164,.072
.362,.0759
.0985,.016
.037,.013
.191,.0798
.154,.0648
.194,.0866
.13,.07
.056,.007
.164,.072
.073,.008
.31,.144
.342,.069
1.086,.161
.007,.002
-.028,.004
.028,.001
-.024,.004
.042,.016
.069,.001
.001,.00002
.02,.005
-.701,.184
-.016,.006
-.002,.00006
.054,.019
.02,.007
-.037,.008
12382,417
.048,.016
.054,.015
-.001,.0001
.022,.007
77386,7044
324.11,1014.09
427.43,877.53
-269.59,419.13
-.03,.03
529.22,921.28
-297.9,416.3
.01,.03
2.89,2.33
.71,2
1.18,2.09
.01,.02
504.1,816.7
-961.1900000000001,316.64
-759.76,296.3
.01,.03
.01,.03
486.62,790.05
2.12,1.99
-734.36,298.96
-913.52,319.3
-.03,.03
2.28,2.18
.01,.03
-907.5,318.62
.048,.024
.053,.026
.015,.009
.074,.037
.063,.031
.006,.008
.011,.006
.013,.007
.014,.009
.071,.035
.08,.04
.045,.022
.034,.02
.059,.028
.071,.035
.045,.022
.012,.009
.011,.006
.089,.044
.083,.041
-.014,.013
-.1162,.172
.038,.095
-.0173,.015
-.744,.301
-1.412,.401
-.8110000000000001,.267
-1.121,.24
-.705,.179
-.5659999999999999,.18
-.0033,.004
-.0442,.028
-.033,.081
.0704,.171
-.0138,.008
-1.436,.3
-.0304,.021
-1.255,.253
.083,.087
-.871,.286
.084,.024
333,1596
.018,.041
631,1616
978,2504
.241,.039
.081,.037
.074,.017
.066,.025
9287,3331
8095,4575
1785,3403
.049,.039
.331,.072
.008,.035
.039,.019
.241,.042
.326,.04
.115,.046
.284,.085
.012,.018
.006,.012
.0376,.338
.628,.367
.028,.039
.065,.019
.025,.02
.217,.104
.095,.037
.12,.037
.004,.012
.112,.029
.301,.063
.063,.016
.321,.054
.314,.046
.299,.025
.006,.025
.261,.076
.011,.024
.267,.329
.155,.089
.014,.071
-.022,.011
-.056,.02
-.02,.01
-.041,.02
-.047,.03
.054,.046
-.002,.02
-.049,.019
-.031,.013
-.022,.035
-.066,.047
-.051,.03
-.05,.039
-.019,.013
-.118,.04
-.063,.03
-.061,.034
-.091,.027
-.016,.01
-.041,.03
-.017,.016
-.05,.02
-.055,.028
-.014,.011
-.004,.018
-.051,.033
-.027,.02
-.014,.016
-.037,.044
-.05,.077
-.025,.037
.019,.04
-.045,.027
.123,.028
.014,.038
-.15,.055
-.001,.039
-.04,.02
-.059,.027
-.018,.02
.0106,.0028
.0116,.012
.0093,.004
.0111,.0043
.0147,.0035
.0305,.0245
.0042,.0019
.0095,.00369
.0173,.0084
.0163,.0093
.0025,.0012
.0022,.0011
.0075,.0122
.0177,.0074
.0073,.0036
.0073,.0039
.0077,.0037
.0057,.0027
.0098,.0038
.0187,.008
.0166,.0077
.0002,.0027
.0167,.0092
.0135,.003
.0113,.0037
.0166,.0078
.0056,.0027
.0072,.011
.0009,.0033
.0041,.0017
.0142,.0053
.5,.947
293.6,681.6
5.356,2.773
4.373,2.162
173.4,295.5
.598,1.95
.542,1.697
.893,2.404
.806,1.322
.737,2.149
.0554,1.545
.5,1.303
3.775,2.065
3.425,1.567
2.505,1.916
103.9,594.8
.239,1.853
1634,904.3
1.425,1.886
97.59999999999999,598.9
3.033,1.336
.238,2.446
614.8,539.4
.547,2.106
.696,2.114
1.901,2.386
.282,1.404
225,268
2.14,2.026
4.915,2.671
1621,884.1
1.525,2.547
2.624,1.689
1.672,1.674
782.8,612.9
.606,.852
.0633,.908
.58,1.927
.259,1.703
2.355,1.294
7.507,3.944
.321,.843
571.1,649.5
1.29,.21
2.16,.79
.043,.0058
.018,.074
3.52,.82
.084,.012
.015,.0093
.015,.0093
.05,.04
.85,.2
.0037,.039
.43,.0058
.085,.012
.1,.076
.032,.017
.023,.043
.5629999999999999,.215
.5570000000000001,.217
.014,.034
.035,.014
.243,1.129
.923,.427
.01,.026
.015,.02
.059,.025
.052,.021
.668,.286
.331,.31
43.5,18.992582
.16,.05177604
27.02,9.833387800000001
.24,.08734319
.43,.29136917
.49,.27802833
41.51,16.523732
19.88,6.9071865
47.7,12.825972
16.47,5.7224025
.33,.12443111
.26,.11351888
19.27,7.0129305
.3,.11646734
19.21,5.1653441
-.157,.062
.007,.025
.166,.064
-.1,.05
.149,.04
.019,.029
.014,.056
.005,.003
.006,.002
.043,.138
.013,.03
.305,.038
-.068,.031
.282,.058
3.976,5.068
.001,.013
-.104,.056
.147,.048
.016,.064
-.007,.019
.001,.019
.144,.046
-.057,.028
.013,.004
.004,.019
7.146,5.871
.026,.183
.313,.051
.276,.046
.145,.043
.007,.002
.008,.018
-.626,.302
.58,.285
.267,.329
.1,.039
.09,.046
-.627,.331
-.078,.044
-.124,.048
.0248,.00471
.0237,.00997
.0725,.00537
.00549,.00131
.0262,.0022
.00827,.000712
.0087,.00062
.0437,.00772
.0116,.00145
.0342,.00574
.0307,.00616
.248,.0473
.00205,.00191
.00744,.000738
.0302,.00233
.00957,.000894
.00865,.000695
.22,.0501
.00486,.00102
.00366,.00118
.00188,.00222
.0115,.00173
.00614,.0012
.00801,.00161
.00903,.000781
.274,.149
.0139,.00255
.381,.141
7859.4,2140.1
.00372,.00227
.075,.025
.012,.027
.022,.01
.001,.004
.01,.003
.0039,.0018
-.0497,.0152
.473,.1208
-.1432,.031
-.2516,.0256
-.1534,.0563
-.2155,.0617
.6544,.1275
-.1815,.0237
4.207,2.807
.109,.0688
.2462,.8179999999999999
.00289,.00661
.849,.9330000000000001
.0235,.0215
2.238,.828
.237,.024
43.35,5.129
.646,.0767
.0239,.0119
3.997,1.428
.111,.0372
.24,.0293
10.66,5.831
.0612,.00324
.0244,.00915
2.866,.844
.0102,.007205
.279,.0356
1.446,.699
3.74,.758
1.979,.708
.0494,.0142
.003,.00788
6.124,2.194
6.913,2.1
.0119,.0136
1.908,.802
29.17,5.444
8.022,2.426
.0104,.00205
.0165,.0066
.0351,.0188
2.03,.539
15.24,5.164
3.661,2.38
.0169,.00603
.0266,.00733
.00426,.00421
4.191,2.309
.00126,.011
1.599,.747
.00658,.00558
8.862,2.226
4.17,.917
.0274,.00952
1.043,1.439
.0056,.00307
.487,.0563
.00918,.00883
1.022,1.161
3.321,.616
4.048,1.894
.0676,.0693
8.831,2.016
2.004,.829
.013,.00311
.0141,.00368
.128,.0686
6.638,2.156
43.37,5.069
47.13,5.602
.00275,.00224
.0166,.00526
3.5,1.44
2.327,.629
2.515,.659
.0519,.023
6.373,1.213
5.166,1.109
-.038,.007
-.024,.006
.026,.01
-.024,.007
.018,.009
-.044,.006
.505,.239
.137,.054
.751,.127
.087,.075
-2665.08,564.79
-3071.65,935.58
-.014,.003
-.021,.007
-.079,.015
-.11,.015
-3024.16,925.85
-.104,.018
-.014,.004
-2769.39,530.96
-.022,.007
-718.16,122.69
-.02,.006
-.014,.003
-731.11,126.75
-.115,.016
-.077,.015
-.076,.013
-.075,.013
-702.83,113.96
-.02,.006
-710.52,113.75
-.102,.019
-.114,.016
-.111,.015
-.014,.004
-.122,.03
-.12,.03
-.276,.051
-.003,.001
.005,.002
.409,.051
.297,.071
.457,.071
-.001,.001
-.248,.071
.006,.001
.0291,.05
-.2,.071
-.206,.051
-.001,.001
-.001,.001
.005,.001
.004,.002
.32,.1
-2.87,1.47
-.07,.43
.23,.08
.2,.15
6.99,1.63
.13,.08
9.140000000000001,2.43
-.002,.004
-2.98,1.48
-.59,.91
-.1,.11
-.88,1.79
-6.39,1.52
-.14,.07
.03,.29
.74,.91
.1,.08
.43,.45
-5.01,1.62
-7,1.73
.45,.58
.25,.49
-.16,.08
.05,.02
.23,.09
.03,.01
.26,.1
-.07,.06
-.32,1.62
.71,.4
.2,1.93
.26,.92
.01,.07
.28,.46
-.3,.08
.02,.01
.4,.45
-.04,.05
9.01,1.86
.31,.5
-5.48,1.52
1.42,1.41
.44,.16
-.91,.84
.16,.04
-5.34,1.34
8.59,1.74
.05,.04
.25,.6899999999999999
.84,.82
-.3,.95
-.65,2.1
.4,.92
-.16,.07
.22,.09
1.59,.38
.05,.06
.61,.68
-.11,.74
.31,.15
.33,.48
-1,1.27
-3.92,1.26
.29,2.06
-.1,.09
.47,.2
.63,.22
-.06,.09
.15,.43
.04,.02
.08,.08
-.4,.48
1.71,1.6
-3.09,1.54
.02,.03
-.02,.05
.05,.11
.04,.1
-.01,.05
-.005,.06
-2.56,1.44
-.47,1.67
.02,.01
-1.62,1.19
-.002,.05
-.09,.07
.1,.06
-.34,.68
1.53,1.48
9.199999999999999,1.7
-.11,.06
-2.29,.88
.39,.45
-3.27,.78
-2.87,.68
-3.99,1.4
-.59,1.71
10.05,1.95
-2.38,.79
-.08,.1
7.28,1.7
.11,.1
-.12,.06
.24,.54
-6.58,1.46
1.46,1.2
-3.13,1.54
.2,.57
.08,.03
-.13,.1
-.12,.07
.21,.13
1.18,1.45
10.1,2.18
.26,.12
.68,.99
.01,.06
-.31,1.94
.0024,.002
.034,.011
.0014,.001
.022,.02
.1,.008
.0084,.001
.152,.015
.049,.031
.181,.025
.021,.013
.143,.022
.004,.055
.055,.074
.049,.007
.056,.01
.035,.01
.08,.049
6844,4832
.076,.012
.058,.013
.004,.055
.044,.012
.027,.01
.0082,.001
.028,.017
.064,.017
.07,.018
-.215,.021
-.015,.006
-.224,.021
-.123,.017
-.033,.009
-.004,.017
-.045,.015
-.028,.012
.002,.011
-.002,.016
.001,.011
0,.015
-.045,.018
-.006,.02
-.044,.008
-.008,.018
.001,.012
-.051,.011
-.035,.012
-.03,.014
-.036,.011
-.045,.018
-.013,.009
-.03,.016
-.004,.018
-.002,.001
0,.018
-.051,.011
-.039,.011
-.034,.009
-.004,.018
-.005,.015
-.04,.014
-.002,.001
.003,.009
-.035,.011
-.012,.014
-.05,.012
-.008,.02
.002,.013
-.029,.014
-.003,.011
-.052,.018
-.001,.014
-.034,.015
-.008,.022
-.025,.01
-.024,.014
-.031,.014
-.028,.015
-.005,.015
-.014,.011
-.046,.016
-.05,.013
.002,.012
-.023,.016
.009,.013
-.019,.011
.68,.16
.334,.732
.21,.414
.009,.012
.04,.049
2.238,1.328
.539,.395
.081,.074
4.482,1.648
.014,.016
.022,.013
.165,.142
8.896000000000001,20.301
4.813,3.226
.042,.044
2.001,1.124
.012,.011
.446,.147
.056,.028
3.199,2.876
.216,.207
2.749,1.923
2.719,1.206
.005,.212
5.653,2.544
.042,.247
2.622,1.137
2.174,.902
5.14,2.589
5.017,1.522
2.688,2.182
.329,.141
.056,.045
.333,.201
1.927,1.432
1.051,.795
2.003,1.739
.097,.374
1.159,.5629999999999999
1.939,1.066
.139,.358
.83,.468
.044,.075
1.242,.9419999999999999
.43,.289
.404,.05
.183,1.22
.277,3.11
.9,3.14
1.04,2.58
.337,2.41
.9330000000000001,3.65
.265,3.29
.209,2.44
.131,.99
.323,2.58
1.046,2.94
.205,2.24
-.2025,.0233
-.0217,.0031
-.0027,.0008
-.0261,.0028
-.1863,.0226
-.0074,.0009
-.011,.0016
-.0057,.0008
-.5207000000000001,.0571
-.0592,.0034
-.007,.001
-.2384,.0559
-.0177,.001
-.4196,.0542
-.0054,.0009
-.5463,.0553
-.0068,.0039
-.0155,.0029
-.0116,.0016
-.0058,.0009
1.1967,.463
.6987,.139
9.1266,3.45
-.5915,2.051
.6024,2.065
8.5227,2.271
.1484,.0891
.1181,.0591
.2279,.0803
.2222,.1205
.0026,.3441
.1684,.027
.0455,.0748
.1605,.0534
.36,.11
.49,.52
1.11,.35
.39,.4
.23,.16
.02,.2
.76,.22
.19,.25
.86,.19
.26,.55
.08,.11
.09,.2
1.4,.74
.93,.24
.64,.24
.79,.47
1.36,.46
.02,.026
.34,.2
.23,.07
.49,.47
.66,.35
.31,.25
.14,.21
1.8,.5
.12,.2
1.86,.49
.5600000000000001,.16
.95,.71
.35,.09
.55,.3
1.62,.96
1.32,.43
4.921,.34
4.918,.43
.395,.015
3.459,.288
7.773,.378
4.169,.306
7.938,.373
4.479,.43
21.858,.376
8.145,.398
9.275,1.244
3.568,.329
2.192,.492
3.473,.348
4.921,.34
4.066,.373
3.56,.417
.457,.098
4.079,.311
3.568,.329
.141,.031
1.044,.098
4.623,.494
7.266,.661
1.537,1.088
4.364,.298
4.479,.43
8.715,.966
8.241,.28
8.699999999999999,.975
1.535,1.055
11.155,1.54
8.532999999999999,.254
5.995,.855
14.735,1.225
6.5,.378
3.619,.4321
6.007,.829
20.918,.514
.309,.062
.43,.044
.527,.052
16.499,1.27
.569,.012
.261,1.14
4.925,.363
8.398,.27
.266,1.129
3.857,.61
8.488,.265
3.991,.293
3.459,.288
-14.7,14.86
-22.1,12.88
3.36,1.82
1.43,1.53
.47,1.53
-170,9.56
.19,1.77
5.83,1.97
-11.2,4.43
-22.5,15.34
-38,14.41
.9399999999999999,1.64
4.18,1.85
-37,15.15
-33,14.98
-46.4,15.21
-33,13.89
-.9399999999999999,1.69
-63.6,14.39
-20.4,12.43
-181.9,10.94
-50.3,12.23
-68.2,14.36
-5.88,2.1
1.73,1.51
-66.90000000000001,13.99
-2.76,1.7
-40.5,15.18
-75.7,14.77
-.52,1.66
1.9,1.8
-193.1,8.949999999999999
-16.3,4.95
-37,15.15
-.96,1.77
1.44,1.6
-6.87,2.07
-50.5,15.99
-25.9,13.55
-19.9,13.03
-103.8,8.73
-57.2,16.37
-14.9,4.67
-17.4,4.67
-.0012,.002
0,.001
-.0013,.001
.148,.06
.037,.043
.044,.051
.141,.056
.4,.08583691
.414,.09118943
.357,.14110672
.407,.08905908
.392,.08252632
.368,.1168254
.402,.181
.401,.299
.233,.111
.402,.181
.8100000000000001,.244
-.553,.221
.229,.164
.842,.297
.017,.212
.405,.163
.23,.112
-.131,.172
-.057,.152
-.113,.213
.233,.11
.233,.11
.238,.217
.402,.181
.381,.164
.739,.221
.5679999999999999,.224
.402,.227
.387,.159
.213,.118
.385,.154
.396,.18
.327,.226
.788,.217
.392,.161
.41,.163
.387,.16
.665,.255
.0254,.00912
.00694,.00834
.0496,.00793
.0263,.01195455
.289,.0832
.297,.083
.012,.062
.287,.142
.315,.114
.428,.11508419
.292,.12749044
.003,.00422819
.011,.00382188
.002,.03797695
.012,.00322666
.009,.0029124
.052,.11746736
.1,.06186448
.123,.14069731
.204,.08468541
.24,.19652362
.24,.07766406
.052,.14506549
.305,.08201093
.051,.014
.05,.013
.082,.011
.065,.01
.072,.01
.082,.011
.17,.04
.4,.14
.29,.15
.22,.05
.17,.04
.54,.14
.24,.14
.08,.04
.35,.14
.15,.05
.16,.05
.09,.13
.25,.13
.03,.06
.03,.22
.14,.04
.24,.13
.22,.05
.08,.13
.08,.04
.04,.43
98.13,142.37
.09,.36
.61,.42
.75,.34
4.41,2.2
105.66,59.32
.22,.36
1.41,.76
.05,.26
124.31,153.63
.25,1.4
.05,.15
9.300000000000001,190.25
.22,2.31
.15,1.07
229.37,285.74
.03,.42
113.95,309.64
5.32,2.55
3.37,1.52
.5,.23
.03,1.23
40.62,163.42
.38,.17
291.23,326.38
.17,.11
.52,.37
.01,1.47
.7,.46
.06,.17
.57,.38
6.56,2.72
.48,.25
3.3,1.5
.61,.29
1.47,.6899999999999999
.02,.12
.29,1.4
6.47,2.36
.57,.45
.25,.4
.06,.26
.46,1.29
128.09,58.28
4.46,2.22
3.27,1.52
.37,1.51
4.61,2.25
5.35,2.67
.66,.24
128.14,136.72
.09,.23
.06,.38
.08,.21
.48,1.89
101.72,295.8
4.68,2.27
.34,2.03
.62,.41
.35,.47
.02,.17
.19,.11
39.28,176.21
.17,2.26
.39,.19
3.33,1.53
1.171,.099
.609,.141
1.081,.066
.199,.1587
.8090000000000001,.152
.472,.099
1.08,.104
1.172,.1
.134,.04876662
.048,.05309785
.02,.01142409
.035,.06358253
.059,.02401045
.069,.01855329
.265,.09992195
.047,.01824655
.331,.10711169
.912,.33190413
.376,.22724142
.176,.06405167
.042,.01129331
.011,.00487345
.053,.39776494
.057,.02149265
.051,.03838802
.003,.0018131
.18,.04839989
.02,.01416601
.103,.09105931
.003,.0033325
.749,.35328994
.368,.12785939
.004,.01016693
.005,.00335378
.001,.00076647
.101,.07291515
.147,.03952658
.02,.01498551
.013,.01301853
.286,.17895209
.003,.00875999
.081,.0456497
.057,.02074401
.618,.3823225
.004,.03002
.005,.01790068
.078,.03872715
.087,.02339328
.208,.08941053
.041,.01102442
.069,.03753215
1.941,.5219121799999999
.022,.00829541
.123,.03307326
.02,.03877535
.072,.08132924
.027,.0119621
.038,.01988451
.006,.03216
.003,.07976965
.01,.03420266
.011,.01956702
.063,.01693996
.093,.03009482
.459,.18679316
.106,.02850216
.831,.831
.016,.00687773
.001,.00080825
.156,.06209834
.022,.00591554
.674,.18123071
.003,.03230023
.141,.07781841
.031,.01077076
.06,.03626193
.021,.04259481
.021,.01299154
.13,.08179869
.113,.05142707
.055,.04177685
.029,.01479619
.024,.01922946
.021,.69804369
1.476,.39687912
.063,.02507818
.118,.07752772
.003,.00319667
.002,.00420076
.009,.06628666
.084,.06967908
.028,.02243437
1.91,.7928879
.032,.07656827
.003,.00167915
.0038,.00102178
.011,.01998308
.042,.02085308
.071,.02466852
.006,.00499851
.088,.03653096
.016,.00746126
.01,.01203437
.15,.05970995
.013,.00504692
.014,.02176125
.129,.04482027
.001,.00142881
1.401,.3767125
.005,.00238444
.056,.18175433
.005,.00521853
.103,.03998712
.095,.03300718
.007,.02352063
.034,.06555393
.053,.02278249
.012,.0111541
.041,.01889322
.001,.00100557
.004,.00248873
.017,.01789058
.008,.0064379
.011,.0035596
.614,.30770876
.151,.151
.284,.07636428
.082,.02849041
.008,.0025888
.107,.11787133
.006,.00546215
.389,.10459755
.007,.27923035
.35,.20385745
.094,.03041843
1.067,.49168459
.073,.01962885
.018,.01119927
.057,.03940186
.031,.02451288
-1.53,.49
-1.27,.5
-1.19,.48
-.0167,.00609
-.0819,.0184
-.011,.00577
-.0314,.00658
-.00805,.00444
-.00775,.00215
-.0303,.0062
-.00576,.00282
-.00734,.00253
-.0105,.0045
-.0344,.0123
-.0255,.00482
-.0303,.00589
-.0652,.00884
-.0548,.014
-.0312,.00701
-.00196,.00225
-.107,.0208
-.117,.0134
-.0272,.00457
-.0594,.0169
-.0953,.024
-.0798,.0114
-.00677,.00279
-.0754,.0209
-.0284,.00991
-.0374,.0103
-.0182,.0032
-.0206,.00442
-.03,.00472
-.131,.0157
-.00553,.00352
.008,.004
-.01,.003
-.001,.003
.007,.003
-.011,.004
.013,.006
.016,.022
.031,.01
.03,.014
-.004,.019
.046,.017
.007,.019
.036,.008
.031,.01
.009,.027
.034,.014
.037,.01
-.29,.72
-.005,.019
.13,1.32
.035,.012
-.007,.025
-.035,.044
0,.02
.02,.021
-1,.84
.47,1.48
.008,.019
.025,.015
-.004,.017
-.049,.037
-.078,.097
.031,.009
-.019,.119
.033,.009
.028,.014
.008,.017
.004,.018
-.008,.004
-.0039,.003
-.0063,.008
-.5764,.266
-.0082,.004
2.7464,1.032
-.0081,.004
2.6705,.999
.033,.014
-.753,.261
-.061,.024
-.069,.022
-.8129999999999999,.28
.032,.013
-.832,.278
-.728,.261
.204,.022
.164,.032
.415,.035
.076,.03
.128,.018
.136,.046
.411,.043
.007,.014
.081,.026
.272,.032
.055,.029
.011,.025
.661,.04
.072,.021
.078,.025
.1,.015
.311,.051
.353,.032
.506,.058
.212,.029
.13,.021
.108,.031
.608,.054
.116,.036
.326,.049
.118,.035
.108,.023
.176,.019
.132,.021
.077,.034
.196,.019
.783,.063
1.722,14
4.096,10.61
9.930999999999999,7.531
12.24,8.196999999999999
1.241,.49
.278,1.332
.144,.8
8.911,5.479
.374,1.025
1.208,.696
.88,.466
13.5,5.66
.615,.622
8.824999999999999,15.72
7.799,7.312
19.52,8.502000000000001
1.686,.74
.963,.649
.002,.001
.001,.001
.0003,.001
.002,.001
.003,.001
.001,.001
.01,.003
.012,.003
.002,.001
.014,.003
.001,.0003
.001,.001
-17.22,6.3
.77,3.24
8.24,6.09
9.02,4.39
1.45,1.11
.67,.91
4.73,1.46
3.14,1.88
.0057,.006
.0133,.0152
.0124,.0049
.0057,.0077
.0128,.0068
.0051,.0047
.0126,.0055
.0083,.0088
.0121,.0058
.0135,.0066
.0065,.0032
.0138,.0086
.0057,.0093
.0122,.0048
.004,.007
.0034,.0108
.0037,.0013
.0133,.0053
.0011,.0021
.0023,.0097
.024,.0099
.022,.0088
.0216,.0101
.00163,.0042
.0055,.0103
.003,.0054
.006,.0091
.011,.0062
.04,.0085
.0056,.0098
.001,.0043
.0022,.0049
.004,.0103
.0145,.0107
.0023,.0012
.0239,.0085
.0132,.0045
.0244,.0079
.0058,.0031
.454,.405
2.694,.894
-.42,1.698
.944,.24
.869,.444
1.802,2.06
.089,.219
.789,1.836
1.429,2.148
.123,.169
-.8070000000000001,.309
-3.015,1.671
.205,2.974
.041,.157
1.591,.608
-1.7,1.821
1.849,.92
.616,.366
-2.742,1.392
-2.699,1.888
3.713,2.914
.245,.223
.362,2.385
.257,.214
2.068,.879
-1.135,1.921
3.581,1.074
.146,.253
.378,.225
2.353,3.064
.9330000000000001,.234
1.223,.339
-.266,1.765
.267,.214
2.523,1.065
.124,.257
-.794,.305
-.652,.293
2.804,1.041
1.497,.911
2.212,1.016
-.629,.312
1.727,.649
.363,.243
-2.636,1.555
1.137,.262
3.483,2.129
-2.337,1.423
1.518,.647
.641,.349
1.322,2.824
-2.243,1.81
1.42,.616
-.006,.006
-.053,.009
-.02,.004
-.008,.005
-.005,.006
.017,.02
.166,.03
.4,.05
.715,.299
.066,.131
.34,.124
.098,.023
.003,.012
.524,.071
.436,.022
.012,.056
.1,.02
.031,.023
.02,.014
.6909999999999999,.408
.025,.01
.258,.088
.301,.11
.261,.185
1.367,.243
.326,.216
.975,.311
.471,.19
1.079,.307
.392,.046
.143,.113
1.332,.383
.361,.28
1.253,.293
.139,.024
.015,.013
.018,.015
.005,.011
.11,.068
.259,.159
.538,.299
.034,.021
.12,.033
.589,.315
.306,.039
.29,.111
.291,.018
.639,.338
.305,.158
.193,.033
.115,.032
.049,.095
.135,.089
.056,.057
.0543,.034
.36,.043
.46,.206
.033,.013
1.574,.479
.911,.239
.356,.145
.125,.019
.353,.016
.114,.118
.436,.151
.336,.161
.5669999999999999,.071
.077,.016
.123,.024
.053,.041
1.025,.297
.289,.096
.158,.239
.191,.087
.408,.09
.398,.105
.06,.039
.341,.241
.247,.034
.094,.017
.019,.009
.34,.18
.503,.071
.207,.033
.034,.066
.122,.037
.6840000000000001,.326
.176,.026
.294,.037
.09,.016
.655,.042
.281,.088
.5649999999999999,.077
.422,.047
.142,.116
1.249,.517
.11,.098
.457,.334
.36,.1
.369,.081
.258,.032
.521,.169
.8,.071
.512,.199
.28,.13
.063,.028
.002,.006
.001,.003
.004,.005
.003,.013
.034,.012
.028,.016
.001,.001
.001,.001
.001,.001
.004,.001
.004,.003
.007,.002
.001,.007
.003,.002
.004,.001
.015,.007
.001,.002
.006,.01
.002,.006
.002,.003
.003,.003
.002,.002
.004,.002
.003,.003
0,.003
.004,.003
.005,.006
.004,.002
.037,.012
.001,.002
.029,.011
0,.001
.013,.015
.001,.001
.005,.002
.001,.001
.004,.004
.002,.002
.005,.001
.004,.002
.003,.002
.003,.005
.022,.015
.029,.012
.001,.003
.002,.001
.001,.001
.001,.005
.004,.007
.183,.055
.028,.026
.135,.043
.068,.029
.032,.026
.125,.065
.2,.098
.058,.064
.057,.247
.101,.205
.1,.059
.294,.175
.16,.066
.037,.088
.18,.176
.128,.033
.077,.021
.271,.163
.261,.086
.103,.028
.285,.077
.175,.08
.0002,.0127
.0674,.0152
.0884,.0193
-.0666,.0185
.00098,.00124
-.445,.147
-.167,.039
-.026,.037
-.149,.042
-.311,.11
-.277,.128
-.0893,.094
-.0735,.026
-.115,.026
-.125,.12
-.111,.033
-.384,.131
-.117,.025
-.358,.133
-.0797,.027
-.153,.031
-.292,.111
-.242,.097
-.273,.125
-.134,.092
-.116,.032
-.273,.122
-.133,.029
-.181,.037
-.0437,.12
-.199,.12
-.257,.142
-1.009,.293
-.274,.104
-.312,.09
.524,.131
-.572,.224
.58,.133
-.578,.2
-.525,.252
.247,.05
-.228,.156
-.983,.293
-.393,.077
.242,.084
-.576,.197
12.332,6.924
.074,.00894
8.204000000000001,3.558
3.862,1.057
18.254,4.407
8.438000000000001,3.542
.521,.036
.338,.03
.043,.005
.036,.005
.015,.002
.382,.078
.393,.033
.009,.002
.03,.005
.003,.004
.329,.031
.028,.003
.021,.002
.377,.071
.601,.06
.443,.066
.389,.076
.442,.066
.037,.004
.331,.029
.026,.003
.015,.002
.037,.004
.004,.004
.528,.036
.231,.03
.615,.057
.004,.001
.393,.072
.035,.004
.022,.003
.036,.003
1.482,.15
.537,.037
.48,.032
.016,.002
.591,.061
.035,.006
.277,.059
.85,.053
.022,.003
.181,.058
.506,.035
.011,.061
.042,.005
.271,.03
.181,.058
.253,.056
.001,.002
.024,.002
.005,.004
.394,.033
.024,.007
.03,.005
.004,.004
.023,.007
.432,.03
.475,.035
.331,.029
.438,.076
.394,.035
.028,.003
.037,.005
.003,.004
.483,.036
.006,.001
.005,.058
.34,.031
.018,.007
.319,.031
.038,.004
.008,.002
.015,.002
.433,.055
.293,.026
.525,.06
.039,.006
.001,.002
.413,.072
.028,.003
.001,.002
.011,.002
.019,.007
18.591,11.957368
13.482,8.1480555
8.927,6.6581887
19.698,11.904791
3.363,6.9405493
6.245,24.156058
-.057,.023
-.281,.135
-.056,.026
-.278,.147
-.053,.056
.039,.058
-.063,.049
.033,.058
.034,.012
.031,.011
.031,.011
1.855,.316
-.277,.011
.582,.368
1.603,.31
.099,.075
-.323,.004
1.963,.241
-.154,.011
-.012,.007
.231,.067
-.139,.006
.591,.346
2.233,.077
-.216,.009
-.255,.004
.112,.077
-.235,.008
-.029,.005
-.257,.004
-.142,.01
-.075,.337
-.156,.01
.8179999999999999,.353
-.023,.007
-.015,.004
-.035,.005
-.022,.008
-.212,.006
.025,.062
-.029,.005
-.026,.004
.12,.062
1.832,.066
2.009,.076
.582,.368
.352,.347
-.142,.011
1.893,.255
.052,.063
-.027,.005
-.211,.006
1.931,.301
.8179999999999999,.353
1.973,.08
-.267,.008
-.023,.007
-.016,.007
2.238,.08
-.282,.008
-.249,.007
2.253,.078
-.013,.003
-.024,.007
-.304,.004
-.229,.007
-.147,.008
.591,.346
.205,.067
-.243,.007
2.241,.079
-.242,.334
-.015,.004
-.301,.344
-.212,.006
-.319,.35
-.233,.01
1.664,.264
2.24,.075
-.185,.008
.095,.062
-.019,.007
2.219,.075
-.011,.003
-.024,.004
-.261,.004
-.233,.006
-.039,.009
2.162,.077
-.015,.004
-.262,.01
1.915,.273
-.2,.008
.146,.072
1.931,.301
-.022,.004
-.282,.004
2.009,.074
-.02,.008
-.143,.008
.699,.334
-.021,.008
-.149,.008
-.321,.004
-.011,.003
2.233,.077
.083,.062
-.201,.005
.122,.074
1.833,.074
-.229,.009
-.031,.007
1.997,.075
-.251,.006
-.229,.009
2.112,.28
-.301,.344
-.022,.004
-.237,.007
-.242,.334
-.138,.01
-.198,.005
-.482,.346
-.287,.004
-.025,.008
-.031,.008
2.173,.073
-.035,.009
-.138,.01
-.227,.006
2.074,.322
-.251,.009
.128,.062
.699,.334
-.143,.006
-.238,.01
-.075,.337
-.188,.005
-.233,.008
-.01,.003
1.603,.31
-.325,.004
-.013,.004
-.035,.005
-.28,.005
-.25,.008
1.981,.077
.07,.061
2.149,.303
.253,.079
.142,.07
1.974,.203
.159,.063
-.27,.008
-.23,.006
-.018,.004
.352,.347
.139,.076
-.303,.004
1.855,.316
-.482,.346
1.744,.221
-.02,.004
-.306,.004
2.24,.21
2.169,.256
-.146,.011
-.244,.008
2.125,.247
-.029,.007
-.015,.004
.275,.08
2.074,.322
-.233,.008
2.176,.076
-.137,.006
.033,.009
.142,.062
-.01,.003
2.243,.077
-.012,.004
-.319,.35
-.013,.004
2.149,.303
-.253,.009
-.238,.007
-.142,.011
1.999,.077
-.024,.005
.251,.066
-.039,.083
-.022,.021
-.076,.022
.164,.083
-.182,.058
-.132,.057
-.044,.017
.173,.071
-.056,.009
.183,.075
.162,.047
-.041,.025
.01,.041
3.215,1.868
-.048,.02
-.173,.061
-.182,.066
2.935,1.827
-.054,.009
-.006,.047
.151,.079
-.081,.18
-.07656,.0217
-.03088,.01525
-.0107,.00457
.00055,.01776
-.09121,.02063
.1162,.05319
-.00772,.0039
-1199,498
-38,480
-.0084,.00478
-.03571,.01815
.00455,.00554
.08578,.12013
-.007203,.0037
.0247,.02271
.00325,.02662
-.00127,.003
-.00638,.00342
.00066,.00314
-3873,910
-.00066,.00322
-.00913,.00315
.04084,.03016
-.03288,.01525
-2715,706
-.09024,.02326
.05763,.08136
.00036,.00285
-.01531,.00434
-.0051,.00221
-.01039,.00411
651,378
-223,537
-.02182,.00789
-.00259,.00295
.00068,.00297
-.066,.031
-.119,.058
-.123,.056
.013,.019
-.083,.037
-.222,.079
-.369,.137
-.003,.029
-.205,.056
.061,.033
-.138,.078
.053,.034
-.051,.032
.017,.016
.061,.021
-.008,.017
.084,.026
.009,.009
-.034,.013
-.017,.014
.007,.026
.007,.009
.002,.002
.07,.019
-.022,.014
0,.002
-.031,.013
.051,.021
.034,.019
.052,.019
.009,.03
.8100000000000001,.23
-.042,.021
-.042,.021
-.076,.019
.78,.31
.8,.25
1.03,.34
-.076,.019
.73,.38
.41,.14
-.072,.017
.73,.38
.75,.24
.8,.25
.75,.16
.92,.13
1.03,.34
.833,.331
-.064,.016
1.38,.57
1.734,.429
1.734,.429
.8100000000000001,.23
.65,.16
1.04,.25
.75,.24
.75,.16
-.072,.017
-.064,.016
.98,.38
-.05,.016
.78,.31
.92,.13
.41,.14
-.05,.016
1.04,.25
1.38,.57
.833,.331
.65,.16
.98,.38
.215,.064
.22,.065
.155,.072
-.002,.00049
.027,.004
.024,.007
-.001,.00049
-.01,.004
.027,.004
.017,.005
.016,.002
-.01,.004
.026,.007
.143,.069
-.01,.004
.026,.007
-.002,.00049
-.002,.00049
-.01,.004
-.0111,.0034
-.0721,.0144
.0059,.001
.0029,.0014
.0598,.0149
-.0756,.0174
.0017,.0016
.0003,.003
-.0531,.016
-.0095,.0048
.0697,.0144
.0473,.0165
.0008,.0039
.0172,.0036
-.0455,.117
.00011,.0008
-.0459,.0921
.000987,.0004
.00042,.0006
.00024,.0004
-.000935,.0003
.00079,.0009
.000242,.0002
-.000843,.0003
-.0475,.189
-.00552,.0016
.00408,.0021
.00097,.0008
-.00177,.0007
.000218,.0002
-.00187,.0021
.362,.212
.00094,.0009
-.0428,.13
.000188,.0004
-.00214,.002
.000809,.0004
-.000044,.0002
.00035,.0008
-.0041,.0024
-.00181,.0009
-.00541,.0016
.366,.208
.00041,.0005
-.00689,.0031
.000996,.0004
.00403,.0021
.00114,.0017
.00017,.0002
-.00141,.0022
-.09,.181
-.0944,.18
-.00429,.0024
-.000016,.0002
-.1,.191
.00053,.0006
.001,.0009
-.176,.218
.00153,.0016
-.00189,.0008
-.00223,.0007
.00137,.0015
-.00673,.0032
.00521,.0025
-.002,.001
-.007,.002
.0767,.024
.115,.033
.0842,.02
.0502,.016
.1203,.077
.287,.015
.152,.054
.177,.059
.145,.083
.287,.015
.0278,.014
.0562,.023
.0832,.023
1.794,1.832
1.579,2.091
1.303,1.658
1.173,1.651
4.39,1.934
3.393,1.857
4.379,1.896
1.681,1.815
3.174,1.826
3.347,1.869
4.351,1.893
1.061,1.95
-2.558,1.238
-.85,.778
-1.986,.908
-2.191,.892
-2.757,1.192
-.575,.794
-1.983,.9399999999999999
-2.15,1.07
-1.995,.9409999999999999
-1.69,1.09
-1.7,1.02
-.5659999999999999,.79
-1.79,1.09
-2.268,1.194
-.766,.827
-1.818,.878
-.489,.795
-2.484,1.234
-2.752,1.177
-1.31,.7
.77,.05
.754,.034
.626,.089
.643,.056
.628,.055
.652,.059
.652,.059
.712,.073
.796,.031
.591,.062
.0494,.01240801
.0269,.00840231
.13,.1
.13,.11
.11,.05
.53,.14
.18,.18
.08,.21
.73,.24
.1,.04
.24,.2
-.03,.19
.84,.33
.6899999999999999,.25
.91,.32
.43,.19
.09,.07
.72,.34
.07,.14
.1,.16
-.11,.18
.14,.1
.08,.13
.08,.1
.14,.14
.03,.1
.37,.12
.14,.08
.1,.14
.07,.04
-.03,.17
.14,.04
.4,.16
.02,.1
0,.14
.78,.24
.32,.15
.03,.18
.05,.11
.13,.05
.32,.19
.12,.05
.15,.08
.13,.05
.14,.05
1.766,4.495
125.21,38.064
5.765,1.322
30.602,9.512
.07,.1
.26,.13
.03,.24
.05,.13
.23,.09
.41,.39
.22,.23
.11,.32
.52,.24
.07,.3
.15,.1
.59,.13
.11,.32
.54,.23
.012,.006
.001,.003
.025,.014
.005,.005
.003,.002
.011,.005
.004,.003
.026,.013
.032,.016
.016,.004
.01,.005
.036,.016
.009,.01168831
.002,.01666667
.024,.01066667
.023,.01161616
.022,.01009174
.618,.119
.3125,.0698
.5379,.2678
.3945,.3914
.3241,.0725
.346,.0748
.179,.2628
.4292,.0742
.7227,.3264
.3,.15706806
.339,.13614458
.13,.0890411
.171,.13571429
.187,.11835443
.241,.1012605
.01,.02702703
.6,.21052632
.62,.23574144
.02,.02352941
3.16,1.3859649
.97,.33680556
.24,.11111111
1.61,.88461538
.51,.25628141
.04,.02484472
.85,.44502618
.17,.04381443
.33,.1441048
.01,.16666667
1.45,1.1417323
.52,.47272727
2.34,1.2124352
.04,.02564103
.11,.02925532
.1,.25
.03,.03846154
.76,.37073171
1.05,.5801105
.02,2
1.43,.72588832
1.98,.8959276
2.45,.53030303
.06,.0375
4.1,1.9248826
.01,.04166667
.73,.37244898
.45,.19911504
1.09,1.1978022
.54,.33333333
6.12,2.4
1.38,.8263473099999999
.54,.27
.03,.05882353
1.8,1.1842105
.06,.033
.02,.01
.092,.043
.064,.035
.007,.004
.069,.029
.139,.054
.1,.04
.008,.006
.081,.033
.008,.006
.012,.007
.01,.008
.12,.051
.004,.003
.004,.005
.0001,.0001
.053,.009
.042,.007
.155,.024
.002,.004
.043,.014
.129,.042
.0003,.0009
.0001,.0001
.148,.034
.072,.013
.004,.001
.0002,.0001
.002,.002
.001,.001
.003,.005
.209,.033
.0033,.0006
.004,.001
.004,.057
.002,.004
.001,.001
.005,.016
.0004,.0011
.007,.005
.003,.001
.005,.006
.0006,.0008
.037,.01
.0001,.0001
.001,.001
.006,.001
.001,.002
.002,.003
.237,.041
.0695,.0167
.0842,.0187
.0765,.0184
-.044,.028
-.005,.078
.037,.05
.076,.03
-.018,.023
.021,.02
.035,.014
-22.3,20.8
0,.023
-.006,.022
3,10.4
.012,.02
9.4,17.3
.064,.018
.001,.02
.057,.023
-.017,.035
.008,.016
13.9,40.8
-.123,.044
-.061,.026
.121,.031
.0032,.007
.1,.0415
.0484,.0408
.0018,.006
.1139,.0766
.035,.0504
.1008,.0435
.0298,.0386
.1178,.0706
.0245,.0378
.0501,.0417
.0473,.0482
.0034,.0466
.1612,.0888
.1374,.0811
.1333,.079
.1086,.0766
.0899,.0506
.0733,.0399
.0283,.0379
.0026,.0098
.1766,.0936
.0476,.0416
.0134,.01
.0733,.0407
.0667,.0394
.1278,.0786
.1003,.0423
.0459,.0408
.0449,.0476
.0067,.0083
.1513,.0842
.157,.0884
.1521,.0753
.1213,.0706
.0287,.0505
.0266,.0385
.0001,.0122
.101,.0427
.0034,.0466
.086,.0515
.0681,.0402
-.011,.008
.02,.019
-.008,.029
.012,.006
.014,.007
.011,.012
-.003,.027
-.209,.049
.023,.006
.035,.02
.007,.008
.019,.007
.017,.008
-.359,.094
.014,.009
.013,.007
.017,.006
.018,.006
-.167,.053
.016,.007
-.009,.008
-.001,.007
-.219,.059
-.224,.068
.027,.008
-.012,.008
-.001,.008
.005,.012
-.002,.008
-.001,.006
-.005,.028
.024,.009
.017,.007
.018,.009
.01,.007
.015,.01
.035,.018
.013,.006
-.221,.082
-.008,.007
-.009,.007
-.218,.06
-.003,.008
.007,.009
.028,.007
.013,.007
-.166,.039
-.327,.072
.165,.045
.433,.163
.002,.027
.19,.12
.2,.065
.059,.045
.311,.111
.24,.13
.018,.013
5.47,.72
.419,.145
.026,.085
.17,.046
.108,.037
.355,.114
.62,.069
.027,.033
.434,.162
.018,.056
.39,.45
.102,.105
.22,.027
.18,.096
7.08,.72
.54,.199
.044,.019
.613,.204
.037,.039
.031,.02
.12,.27
5.71,.57
.245,.09
.11,.062
.15,.081
.013,.057
.35,.157
.02,.009
.019,.076
6.94,1.03
.01,.044
.67,.071
.616,.205
.058,.21
.482,.154
.013,.037
.67,.075
.339,.121
.019,.039
.592,.183
.62,.11
.41,.11
22.543,8.034000000000001
.104,.022
12.886,7.191
.16,.054
17.614,9.291
12.886,7.191
2.175,1.033
3.617,1.197
2.236,.918
.104,.051
.036,.014
2.71,1.148
2.236,1.117
2.236,1.117
10.544,6.204
12.886,6.283
.059,.146
.052,.011
.11,.054
1.492,.925
14.154,7.913
24.987,7.716
.008,.01
.042,.019
.066,.059
2.591,1.479
.099,.028
12.106,6.75
3.289,1.24
.007,.021
3.615,1.192
.012,.01
2.034,1.022
25.025,7.748
.133,.045
.054,.012
.104,.029
.544,.145
.579,.395
.778,.651
.731,.256
.925,.287
.577,.385
.866,.203
.5570000000000001,.15
.222,.166
.255,.241
.5570000000000001,.154
.216,.141
.728,.24
.78,.66
.784,.327
.257,.267
.307,.103
.148,.073
.001,.009
.313,.101
.019,.062
.322,.104
.227,3.786
.54,2.833
.253,3.22
.302,2.022
.239,2.833
.21,3.272
-.019,.011
.006,.017
-.027,.012
.006,.005
-.099,.056
-.001,.115
.035,.028
0,.008
-.053,.073
-.028,.014
-.036,.014
.006,.017
.004,.005
.055,.127
-.029,.011
.113,.066
.022,.017
.035,.007
.033,.01
.063,.021
.032,.017
.014,.017
.028,.008
.069,.02
.025,.028
.027,.011
.024,.015
-.09,.032
.051,.023
.044,.017
.038,.007
.051,.023
.05,.023
.026,.012
.0405,.0114
-.594,.2285
-.8557,.3425
-.8462,.2187
-1.2114,.3999
-.9656,.3811
-.8874,.3026
-1.4918,.8385
-.2969,.9323
.0412,.0102
-1.1434,.2553
-.5371,.2351
.0999,.0106
.041,.0104
-1.6883,.4649
.0409,.7314000000000001
-.2954,.6913
.011,.002
.004,.0001
.017,.002
.003,.0001
.01,.001
.025,.001
.001,.0001
.011,.007
.006,.008
.027,.008
.007,.007
.214,.081
.018,.015
.012,.212
.058,.052
.037,.021
.052,.017
.047,.011
.017,.007
.061,.04
.113,.017
.031,.019
.046,.02
.107,.045
.177,.03
.013,.011
.035,.01
.006,.01
.035,.018
.008,.023
.13,.032
.0372,.0091
.3176,.0512
.0037,.0153
.0333,.0148
.0141,.0028
15.21,3.202
.0327,.0108
44.79,7.935
.0059,.0068
.0086,.0144
.0112,.0025
.976,.988
.0311,.0104
4.269,1.694
.0018,.0039
.0046,.0033
18.56,4.287
.0049,.0043
.0002,.0057
31.4,5.914
.0104,.0025
.3799,.0545
.3796,.0648
.0014,.0035
.0271,.0081
.0862,.0837
.2801,.05666
.012,.0093
.0091,.0073
.0332,.0201
.0045,.0025
.0084,.0029
.0356,.0093
.0673,.0143
.0271,.0131
.0029,.0038
.0627,.019
.2298,.1403
.0526,.0182
.0105,.0034
3.737,2.54
76.20999999999999,12.85
.059,.0109
.0139,.0114
.5433,.0626
.1769,.0639
.0168,.01
-.63,.191
-.555,.15
-.667,.242
-.504,.265
-.375,.137
-.591,.206
-.045,.011
-.131,.0283
-.114,.0285
-.00457,.0011
-.037,.016
-.912,.172
.045,.011
-.345,.105
-.603,.232
-.548,.216
-.00431,.00111
-.737,.257
-.145,.091
-1.102,.179
-.335,.117
-.0045,.000974
-.431,.096
-.044,.011
-.136,.131
-.013,.008
1.566,.09
.968,.115
-.117,.01
-374.096,38.744
.043,.009
-.077,.01
.142,.01
-.065,.007
.02,.008
.023,.01
.18,.011
.6830000000000001,.103
-.027,.013
-234.738,32.406
-.156,.011
-.107,.008
126.826,27.069
.07,.005
.021,.005
-.042,.012
-.022,.004
-.032,.009
.037,.015
.071,.005
-.018,.01
.072,.004
-.045,.005
.029,.005
.058,.009
-.012,.005
.073,.011
-.031,.005
.083,.009
-.012,.014
-.018,.004
.053,.006
-.029,.005
.214,.069
.376,.169
1.022,.267
1.276,.573
-.028,.007
-.028,.007
-.075,.01
-.035,.006
-.074,.013
-.035,.006
-.028,.006
-.075,.01
-.028,.006
-.074,.013
-.013,.007
-5.28,2.1
-1.08,.22
-.096,.048
-.163,.025
-4.75,.46
4.47,.92
.026,.018
-.054,.007
-.45,1
.106,.031
.358,.109
-6.61,2.23
.179,.046
-.127,.038
1.42,1.79
-.035,.008
-.125,.025
-.149,.057
-.089,.03
-.014,.023
-1.22,.27
-.012,.006
-3.03,.35
.004,.005
-7.33,2.54
-.043,.007
.043,.016
.75,1.16
-.054,.016
-.015,.021
.552,.162
-2.98,.48
-.049,.011
-5.39,.82
-.52,1.03
.009,.004
6.23,1.61
-.037,.013
-4.26,.42
-4.78,1.85
-3.69,.57
.012,.022
2.012,1.192
.241,.126
1.888,.751
.063,.017
3.942,2.09
2.138,1.271
1.958,.789
.012,.023
1.273,1.509
3.218,2.09
.012,.022
.001,.0001
.097,.036
4.199,1.212
.002,.001
2.358,1.407
2.737,1.57
.004,.086
1.609,.829
.011,.054
.214,.112
.001,.0001
.155,.047
.065,.018
.203,.067
.129,.057
.001,.0001
4.988,2.224
.16,.07
.002,.0001
.002,.001
.203,.067
.072,.04
.112,.045
.065,.018
4.988,2.224
-.53,.31
.02,.32
-.91,2.5
-1.85,2.1
-.74,2.24
-1.82,2.12
.0209,.01
.0139,.006
.0103,.005
.0296,.009
.00535,.004
.00746,.005
.0233,.007
.004,.004
.00942,.005
.00167,.006
.0155,.01
.0125,.005
.00373,.003
.0237,.01
.0331,.009
-.117,.072
-.188,.047
.057,.021
-.018,.006
.004,.074
-.008,.005
.036,.007
.004,.006
-.594,.182
-.089,.024
-.156,.055
.038,.023
-.197,.049
.044,.022
-.674,.223
.044,.021
-.025,.009
.057,.022
.011,.01
0,.005
-.5669999999999999,.173
.007,.016
.154,.026
.08,.03
.015,.012
.061,.024
.006,.012
.052,.022
.073,.037
.056,.029
1365,485
1611,399
1330,496
1318,433
1086,291
1062,293
.02,.006
.009,.005
.01,.005
.0103,.00559
.0102,.00218
.00169,.000378
.00285,.00151
.01,.00264
.00371,.0012
.00157,.000478
.00394,.000851
.0145,.00464
.0148,.00426
-.0154,.0038
-.0108,.003
-.0158,.0038
-.0105,.003
.487,.017
.523,.01
-1.099,.026
.064,.007
.064,.007
-.875,.021
-3.019,.081
.85,.017
.099,.012
-.55,.013
1.988,.055
.078,.008
.0037,.0179
.00322,.00538
.00836,.00579
-.00538,.0272
.47,.0543
-.04475,.0116
.0135,.128
-.0125,.00909
.0598,.0236
.00263,.0143
-.0019,.0364
.111,.125
.266,.0767
.0189,.0166
.0168,.0327
-.0113,.00942
.00883,.00312
-.0635,.0531
-.00615,.00973
.00507,.00521
.252,.084
.0153,.00456
-.00483,.00526
.00243,.00592
-.0141,.0296
.0107,.00487
-.0274,.0245
-.0164,.00889
-.0312,.0194
.00758,.00677
-.0749,.141
.0138,.00515
.0328,.00652
.00859,.00514
-.0591,.0295
-.0552,.0556
-.103,.0533
.00687,.00293
-.0203,.0319
.01,2.73
.012,3.09
.013,2.54
.012,3.17
.011,3.07
.011,2.38
.01,3.02
.007,2.34
