3.88,2.68
.46,.15
8.5,2.81
8.56,2.51
.75,.22
18.16,5.55
5.84,2.78
7.55,2.57
9.279999999999999,4
10.26,3.84
.55,.22
.64,.22
.42,.15
9.94,3.73
.98,.23
.5,.17
13.44,3.91
.48,.2
.88,.26
.24,.17
.055,.03767123
.022,.05945946
16.71,8.525510199999999
10.49,6.1705882
.17,.05862069
16.66,7.2121212
11.51,6.6531792
3.08,2.0397351
.076,.03897436
15.01,6.9813953
10.85,5.5076142
8.09,2.3864307
.055,.03900709
5.23,2.7819149
6.32,2.3494424
2.52,2.5454545
.108,.03941606
9.07,5.4311377
6.48,2.6234818
.013,.031
.048,.022
.051,.03
.282,.128
.195,.099
.022,.021
.023,.026
.032,.022
.04,.03
.046,.021
.039,.017
.045,.03
.037,.028
.031,.016
.125,.124
-5.52,.16
-6.58,.09
-.804,.26
-.167,.068
-.361,.143
-.166,.118
-.195,.077
-.521,.177
-.103,.085
-.493,.128
-.152,.109
-.012,.115
-.742,.198
-.104,.136
-.052,.164
-.339,.301
-.174,.098
-.592,.169
-.289,.128
-.208,.234
-.181,.188
-.143,.12
-.605,.184
-.321,.1
-.403,.192
-.572,.125
-.222,.144
-.189,.09
-.614,.25
-.339,.128
-.07,.074
-.079,.209
-.208,.248
-.336,.106
-.889,.364
-.572,.262
-.292,.151
-.514,.13
-.113,.103
-.459,.176
-.367,.115
-.583,.147
-.13,.036
-.334,.15
-.703,.265
-.083,.034
2.076,.993
2.076,.993
2.489,1.219
4.717,2.569
.08,.025
.084,.017
.058,.009
2.628,1.347
.577,.16
.014,.008
.832,.115
.444,.156
.069,.016
.079,.031
.083,.017
.101,.025
.086,.018
3.349,1.359
6.315,1.028
6.315,1.028
.065,.053
.832,.115
.087,.05
.072,.02
.046,.009
3.349,1.359
.094,.025
.058,.009
.577,.16
.078,.025
.064,.017
.577,.16
.049,.055
.014,.008
.013,.008
6.315,1.028
.135,.033
.092,.059
3.349,1.359
.203,.038
.014,.008
.066,.018
.212,.038
.123,.032
.081,.021
.832,.115
.104,.027
.058,.009
9.19,3.3418182
11.07,2.5684455
1.88,2.1609195
6.95,2.3720137
-.00001,.006
-.017,.005
.615,.246
-.121,.089
.002,.006
-.018,.005
.574,.22
-.132,.102
2.303,.965
1.664,.413
1.85,1.398
1.811,.617
1.661,.434
1.532,.584
1.251,.694
1.573,.438
2.008,.988
1.573,.436
1.403,.447
1.246,.407
-1.61,.96
1.532,.606
1.797,.597
1.486,1.528
2.133,.653
1.232,.483
1.539,.573
1.516,.681
.404,.108
.134,.029
.044,.016
.012,.012
.012,.004
.31,.1
.704,.171
.107,.043
2.42,.745
3.104,.756
-.0039,.000604
-.00459,.00073
-.00527,.000746
-.00498,.000668
2.42,.578
-.0043,.000642
-4.68,.89
16.405,3.6134361
26.59,6.4382567
91.82899999999999,20.406444
.339,.166
.319,.238
.06,.006
.027,.013
.01,.001
.025,.006
.316,.217
.022,.002
.058,.019
.017,.005
.405,.165
.046,.022
.018,.005
.017,.009
.009,.001
.3038,.011
.023,.034
.008,.001
.008,.004
.4,.153
.008,.007
.007,.004
.026,.005
.335,.18
.002,.002
.036,.015
.101,.0387
-.0591,.0269
.054,.038
.00181,.0115
.114,.0562
.253,.0914
.14,.0775
.218,.0911
.439,.14
.364,.111
.446,.136
.0695,.037
.141,.0604
.438,.142
.0108,.0121
.0261,.0219
.00897,.00637
.364,.111
.14,.0618
.185,.0886
.265,.135
.0653,.0282
.0307,.0152
.408,.168
-.00249,.00114
-.0215,.00976
-.00382,.00141
-.0224,.0106
-.00395,.00149
-.033,.0146
-.00968,.00449
-.0332,.0148
-.0519,.0198
-.0514,.0204
-.00944,.00163
-.00127,.00105
-.00255,.00117
-.00128,.00102
37.007,20.8
49.024,10.229
61.49,8.837
18.03,14.565
.872,.21320293
2.648,.26533066
.004,.00083682
.798,.21
.8090000000000001,.20429293
1.94,.22823529
1.662,.18758465
1.602,.18498845
.828,.23193277
.892,.21545894
.004,.00082988
.787,.21922006
.783,.12878289
.764,.12302738
2.736,.27142857
2.594,.24379699
.827,.22351351
1.036,.232287
.806,.21044386
1.666,.2
.718,.12231687
1.383,.17074074
3.3943,.2611
.439,.21004785
.004,.00083857
2.542,.21707942
2.714,.26096154
.6919999999999999,.28244898
1.033,.23161435
3.876,.28086957
.721,.15020833
2.659,.23741071
.717,.1484472
3.292,.12909804
.837,.23121547
.004,.00084567
.796,.13135314
1.832,.24723347
.9,.21428571
1.053,.22941176
2.723,.23353345
.875,.21341463
1.264,.16309677
.6840000000000001,.13930754
.587,.29796954
.763,.31399177
.773,.20130208
.721,.15673913
3.3213,.13446559
.78,.30708661
.541,.25162791
1.039,.23037694
.261,.20551181
.112,.18064516
1.2142,.1558665
2.78,.24069264
-4.00000000000e-07,5.69000000000e-07
6.00000000000e-07,6.11000000000e-07
-.0000168,.0000114
5.70000000000e-07,6.62000000000e-07
.0000409,.0000186
.0000227,.0000142
-1.02000000000e-06,5.51000000000e-07
.2589,.044
.1205,.047
.0005,.0004
.0311,.001
.0399,.3038
.1316,.039
.2062,.042
.0009,.037
.0804,.038
.1213,.051
.0962,.049
.0129,.038
.071,.037
.4121,.053
1.77,.68
.023,.011
1.41,.54
.77,.32
.88,.39
.023,.011
.026,.017
1.11,.39
.92,.37
1.13,.47
.83,.33
1.07,.4
1.67,.6
1.79,.67
1.42,.54
-6.06,1.5
-2.74,1.1
-3.98,1.55
-1.84,.41
-3.96,1.43
-3.24,1.81
-2.97,1.57
-1.87,1.41
-4.37,1.29
-3.06,1.21
.84,.41
-4.4,1.82
-1.35,1.25
-4.21,1.62
-3.07,1.43
-3.12,1.21
-3.64,1.21
-3.71,1.39
-2.77,2.47
-5.5,1.41
-3.23,1.37
.144,.061
.107,.025
.126,.054
.102,.027
.121,.04
.111,.034
.09,.02
.1,.032
.013,.045
.081,.153
.132,.113
.172,.124
.043,.09
.167,.02
.051,.116
.022,.034
.129,.071
.056,.197
.161,.138
.149,.111
.504,.055
.096,.109
.007,.06
.273,.264
.011,.117
-.013,.041
-.041,.099
-.051,.125
.165,.02
.032,.051
.127,.118
.08,.14
.026,.062
.502,.053
.478,.049
.06,.172
.018,.05
.168,.02
.12,.213
.025,.032
.483,.049
.507,.058
.011,.061
.165,.025
.077,.09
.136,.14
.051,.05
.042,.057
.009,.072
.531,.047
.163,.021
.048,.107
.051,.065
.013,.041
.171,.021
-.018,.029
.031,.038
.171,.022
.495,.045
.041,.099
.094,.088
.03,.201
.142,.166
.08,.076
.145,.135
-.054,.096
.554,.046
.038,.116
.034,.05
.004,.11
.007,.1
.011,.061
.009,.103
.037,.165
.152,.024
.043,.09
-.069,.064
.581,.052
.005,.062
.061,.097
.009,.032
.164,.019
.017,.044
.522,.048
.054,.096
.073,.108
.494,.046
.045,.07
.176,.15
.011,.122
.032,.051
.114,.087
.051,.125
.006,.067
.164,.019
.094,.103
.17,.022
.233,.152
.512,.042
.016,.216
.057,.13
.057,.13
.161,.021
.029,.038
.069,.064
.496,.053
.018,.029
.485,.048
.056,.073
.165,.019
.022,.089
.072,.074
.035,.159
.167,.019
.053,.052
.137,.141
-.178,.0619
-.135,.0703
-.146,.0462
-.144,.0516
-.106,.0454
-.175,.0763
.016,.008
.192,.019
.151,.018
.039,.005
.014,.014
.001,.008
.006,.006
.0139,.025
.098,.058
.088,.011
.013,.02
.036,.005
.158,.033
3.72,1.647
1.661,.582
5.381,1.946
.07,.047
.089,.051
.422,.178
.54,.237
-.054,.051
.055,.049
.089,.051
.063,.05
.479,.187
.717,.226
.711,.205
.101,.045
.063,.05
.488,.194
.101,.045
.039,.052
.711,.205
.479,.187
.068,.046
.488,.194
-.039,.052
.617,.222
.068,.046
.054,.051
.54,.237
.423,.198
-.07,.047
.422,.178
.717,.226
.617,.222
.423,.198
-.055,.049
.108,.06067416
.592,.296
.211,.19719626
.022,.01032864
.325,.05632582
1.17,.26
.841,.4102439
.057,.01775701
1.474,.40163488
.668,.3009009
.394,.07419962
2.588,.3235
.464,.05918367
.246,.0314578
1.019,.15462822
.202,.01351171
.729,.211
2.219,.36
.09,.032
.03,.01
.071,.021
.08,.033
.063,.024
.045,.024
.029,.01
.042,.026
.146,.055
.027,.045
.163,.043
.047,.137
.064,.012
.072,.021
.038,.007
.038,.021
.141,.069
.12,.057
.134,.062
1,1.2195122
1,.19182812
1,.12468828
1,.54466231
1,.14365752
1,.22563177
1,.10249052
1,.6377551
1,.18063584
1,.17507003
1,.12459507
1,.2119093
1,.3617945
1,.31989763
1,.28538813
1,1.4992504
1,.2543882
1,.11462632
1,.49776008
1,.21213407
1,3.2786885
1,1.8621974
1,.14218683
1,.56721497
1,.1325381
1,.18964536
1,.6514658
1,.28216704
1,.18027763
1,.31948882
1,1.0893246
1,4.1666667
1,.22426553
1,.08438819
1,.7598784200000001
1,.37907506
2.53,.87
2.53,1.08
.078,.015
3.48,1.32
1.32,.46
3.48,1.6
1.32,.6
.837,.381
.001,.04
.158,.055
.1,.044
.063,.044
.0184,.0037
.095,.844
.09,.056
.0181,.0052
.916,.438
.082,.838
.081,.043
.049,.043
.853,.434
.851,.424
.098,.041
.049,.043
.868,.405
.085,.041
.002,.041
.828,.397
-.699,.131
-.293,.069
-.713,.134
-.16,.079
-.195,.108
-.746,.14
-.36,.168
-.382,.098
-.165,.107
-.2,.09
-.1,.01
-.21,.08
-.2,.08
-.21,.08
-.1,.1
.106,.00643594
.026,.01538462
.03,.01428571
.031,.02384615
.019,.00181471
.089,.03647541
.131,.04381271
.321,.02511737
.019,.0088785
.023,.02323232
.273,.05311284
.099,.00541575
.21,.03839122
.57,.04381245
.063,.08873239
.083,.01255673
.017,.01504425
.005,.00454545
.501,.03944882
.054,.02317597
.247,.02297674
.136,.00825243
.016,.00909091
.104,.02011605
.045,.0152027
.043,.00928726
.22,.03542673
.262,.02609562
.111,.05842105
.021,.00200191
.142,.0089252
.287,.02974093
.311,.02248735
.024,.02424242
.005,.00274725
.285,.05125899
.017,.008
.066,.013
.027,.007
.25,.025
.263,1.494
4.635,1.347
1.652,3.07
.027,.016
.02,.042
.095,.099
.094,.037
.036,.01
.095,.04
.03,.017
.009,.012
.105,.13
7.892,1.363
.238,.026
.147,1.725
6.74,1.031
.108,.085
.012,.012
.012,.006
.19,.035
.024,.06
.045,.022
1.759,3.185
.072,.078
.099,.015
5.562,1.141
.191,.035
.19,.034
.055,.048
.153,.024
.099,.085
.198,.096
.353,.059
.093,.022
.987,.196
.038,.007
.148,.076
.091,.209
.269,.206
.174,.04
.008,.014
.098,.016
.109,.05
7.222,1.322
9.525,103.351
.022,.006
.262,.03
.06,.061
1.691,.954
.021,.041
.068,.013
.093,.018
.253,.077
.108,.096
.114,.101
.012,.161
.192,.034
.177,.125
.089,9.24
.104,.063
5.635,1.136
.246,.025
.408,.519
.039,.035
.091,.023
.82,.175
.153,.067
.174,.038
.229,.024
.021,.042
.011,.006
.019,.121
7.435,5.267
.18,.167
.14,.081
.153,.067
.171,.106
.128,.074
.237,.042
.002,.02
.016,.072
3.193,2.096
.508,.663
.239,.065
.17,.061
8.65,1.43
.17,.024
.027,.005
.001,.043
.014,.034
.047,.064
5.607,3.849
4.102,1.096
.349,5.449
.272,.026
.033,.02
.136,.039
.015,.009
.004,.077
.232,.218
.192,.04
.376,3.037
.008,.044
.191,.044
.013,.006
5.721,1.644
.315,.038
6.299,1.362
.057,.016
7.833,1.405
.079,.069
.068,.033
.044,.01
.471,1.349
.113,.125
.016,.056
.172,.039
.324,.023
.084,.026
.179,.017
-.037,.015
.026,.015
.072,.024
.451,.055
-.059,.011
.414,.021
-.071,.016
-.049,.014
.094,.046
.069,.036
.315,.031
.346,.023
.087,.026
-.028,.01
.287,.154
-.037,.014
.343,.026
.063,.021
-.134,.011
.084,.026
.441,.012
.031,.015
.073,.024
.377,.033
-.074,.014
.051,.016
-.043,.011
.329,.022
.346,.023
-.03,.011
.336,.073
.426,.018
.321,.032
-.073,.015
-.026,.012
.063,.034
.049,.015
.319,.022
-.062,.012
.076,.024
.343,.026
-.101,.018
.025,.014
.212,.015
.052,.016
.365,.022
.098,.021
-.019,.011
-.026,.012
.071,.023
-.051,.012
.072,.014
.365,.062
.016,.016
-.069,.016
.336,.028
-.068,.019
.107,.027
.055,.03
-.024,.011
.024,.014
.334,.021
.186,.08
30.588,13.07
.598,.332
.696,.574
.696,.65
.706,.233
.8080000000000001,.548
.679,.357
.78,.523
.665,.49
.78,.433
.665,.522
.73,.326
.598,.252
.706,.494
.73,.523
.679,.307
.8080000000000001,.514
1.01,.189
.286,.187
.918,.178
.523,.213
.165,.19
.397,.19
.549,.21
.853,.191
.701,.185
.438,.205
.547,.212
.9340000000000001,.18
.39,.198
1.01,.182
.479,.209
.285,.185
.764,.198
.266,.191
.845,.175
.245,.189
.28,.205
.777,.204
.283,.192
.429,.196
.267,.195
.276,.194
.592,.214
.479,.208
.46,.215
.187,.19
.284,.194
.792,.195
.236,.185
1.141,.18
.735,.196
.471,.2
.111,.105
.084,.022
.182,.048
.024,.011
.098,.041
.162,.052
.082,.059
.001,.004
.042,.028
.082,.056
.065,.055
.028,.094
.161,.134
.008,.007
.093,.039
.077,.039
.031,.041
.195,.046
.146,.072
.132,.033
.132,.084
.164,.049
.006,.021
.085,.036
.195,.046
.11,.02
.001,.02
.111,.037
.177,.053
.04,.011
.065,.038
.068,.047
.008,.014
.062,.055
.195,.046
.106,.037
-.079,.085
.154,.121
-.07,.096
-.101,.111
.038,.071
.036,.056
-.247,.214
.002,.071
-.21,.232
-.05,.115
-.091,.035
0,.104
-.1,.04
-.15,.049
-.243,.183
-.037,.073
-.279,.104
-.11,.033
-.012,.113
-.078,.036
-.121,.129
.322,.183
-.201,.058
-.113,.036
-.023,.047
-.145,.084
-.105,.026
-.305,.106
-.162,.044
.007,.021
-.068,.027
-.107,.076
-.235,.104
-.002,.02
.045,.081
.022,.124
-.072,.028
-.15,.042
.028,.032
-.042,.045
-.01,.027
-.089,.033
-.256,.163
-.111,.04
-.29,.108
-.127,.033
.116,.077
-.09,.052
-.109,.042
-.086,.067
-.045,.037
.032,.077
-.058,.036
-.556,.334
-.329,.093
-.103,.041
-.091,.065
-.042,.038
-.074,.035
-.022,.041
-.504,.309
-.123,.051
-.091,.039
-.076,.042
-.113,.043
-.401,.199
-.072,.033
-.099,.028
-.13,.092
.014,.019
.003,.023
-.096,.035
-.088,.052
-.352,.172
-.048,.041
-.086,.203
-.101,.172
-.104,.032
-.273,.103
-.178,.093
-.046,.03
-.266,.0347
.027,.0144
.00682,.00119
-.442,.0372
-.149,.317
.00792,.00119
-.9360000000000001,.34
.00961,.00121
-.396,.0372
.0143,.0104
-.305,.0351
.00873,.0012
.0352,.00938
-.431,.471
.00999,.0157
-.931,.516
1.052,.381
3.74,1.22
.7,.23
1.44,.8100000000000001
.61,.24
1.88,.89
1.44,.93
1.6,.72
.7,.22
.61,.24
.2,.474
2.489,1.288
.137,.068
.388,.078
.183,.062
.087,.092
.095,.048
1.094,.457
2.603,1.277
.98,.427
.831,.409
.0072,.007
.0011,.0124
.0245,.0133
.0055,.0086
.0016,.006
.009,.0092
.0133,.0279
.0302,.0429
.118,.036
.1258,.0403
.0037,.012
.007,.0119
.0201,.0291
.0041,.0395
.0203,.05
.0935,.0734
.1009,.028
.199,.065
.0072,.0266
.0006,.0072
.0064,.107
.003,.0058
.0095,.0123
.0456,.0416
.009,.0149
.0149,.012
.1102,.0559
.0042,.0095
.0432,.0202
.0029,.0057
.0038,.0232
.62,.632
.0001,.0056
.0014,.0129
.0012,.00635
.004,.0071
.0121,.0179
.0074,.0115
.0061,.0149
.0264,.0399
-3.04000000000e-06,4.98000000000e-06
-.135,.0542
.038,.0826
.00652,.00298
.0774,.036
.61,.319
26.46,12.36
1.157,.439
1.879,.679
1.553,.22
5.041,2.117
.189,.109
.0343,.0409
1.683,.153
.133,.0429
3.146,.274
.0000166,.0000256
1.776,.28
.0179,.0326
-.654,.361
2.87,.663
.178,.0827
.00311,.00125
.277,.6899999999999999
-.0369,.0186
1.629,.593
10.97,4.456
.707,.444
1.64,.581
1.487,.5600000000000001
-.0606,.0409
5.54000000000e-06,.0000281
.125,.908
.111,.0434
-.309,.248
-4.844,16.86
2.189,.201
-.0628,.0538
23.18,10.82
.217,.107
.04,.0269
.214,.241
1.953,.675
1.372,.536
1.352,.491
6.001,2.447
-.0832,.0661
2.85000000000e-06,7.96000000000e-06
-.288,.262
1.637,.992
.152,.0126
-1.751,1.005
1.04,.525
5.554,2.227
-.595,.356
.107,.155
-.261,.167
.198,.236
-.22,.104
-1.151,.837
1.715,1.006
-.113,.675
.8070000000000001,.489
-.179,.256
.171,.084
.636,.323
-.209,.173
.8070000000000001,.489
-1.151,.837
.345,.164
.0078,.002
.0085,.002
.0064,.002
.0138,.004
.265,.09
.365,.085
.352,.119
.45,.144
1.208,.293
.053,.034
.93,.28
.111,.038
.967,.311
.831,.258
.344,.075
.092,.226
.536,.153
.497,.15
.362,.137
.126,.047
.46,.13
.16,.051
.245,.124
.058,.018
.133,.042
.517,.325
.245,.155
.003,.097
.095,.027
.237,.074
.403,.14
.783,.241
.206,.061
.158,.043
.026,.018
.951,.285
.455,.156
.608,.232
.095,.028
.878,.251
.335,.125
.095,.086
.194,.064
.292,.086
.298,.246
.216,.059
.066,.05
.065,.027
.031,.159
.321,.104
2.663,4.465
.094,.022
.098,.026
.285,.114
1.189,.408
.081,.024
.099,.183
.052,.077
.76,.209
.081,.028
.083,.112
.056,.026
.904,.32899269
.62,.35880993
.919,.29738865
.861,.44309868
1.032,.37557573
.439,.54204496
.967,.31292146
.989,.32004066
1.081,.3934083
.636,.38893516
.502,2.5846362
1.318,.59203712
.758,.49016022
.994,.32165867
1.42,.56525415
.904,.29253464
.716,.30777856
.722,.31987535
1.365,.57701621
.868,.42264173
.392,.3925589
1.307,.97034859
.435,.50390961
.385,.36993197
.666,.37277231
.9350000000000001,.541
.072,.0432
.82,.417
.09,.0485
.915,.423
.0608,.0407
.0294,.0339
.84,.354
-.0726,.0434
.0584,.0296
-.119,.0605
.0664,.0284
.018,.0399
.906,.399
.855,.405
.102,.0342
-.0892,.048
.895,.53
.804,.411
.0735,.0307
1.166,.57
.6929999999999999,.368
-.117,.068
.0847,.0321
.0594,.0274
.855,.359
.8120000000000001,.368
.00427,.0276
.006,.00171429
.086,.02828947
.0496,.01540373
.173,.0502907
.003,.00096154
.002,.00058997
.1907,.0323
24.263,9.944000000000001
36.253,12.494
8.663,4.008
274,278
.091,.06
11989,7204
18.2,5.8
6.281,2.866
3.6,8
2.786,1.204
2.41,1.164
2.037,.637
2.142,1.172
1.336,1.626
2.41,1.164
1.196,1.592
2.529,1.148
1.457,1.24
4.809,1.531
.115,.627
.537,.267
1.751,.904
2.246,1.182
1.65,.636
.33,.116
.224,.1
.118,.076
.07,.082
.0002,.074
.222,.1
.122,.103
.134,.084
.149,.1
.233,.127
.188,.148
.067,.091
.049,.111
.216,.115
.71,.25
1.26,.45
.68,.26
.84,.39
.84,.39
.59,.33
.61,.21
.73,.25
.77,.26
.9,.37
.66,.21
-.078,.1
.079,.042
-.02,.007
-.088,.05
-.02,.03
.153,.098
-.069,.092
-.063,.019
.078,.03
.009,.018
-.113,.046
-.087,.034
-.025,.012
.08,.029
.132,.05
.01,.053
.017,.01
.015,.009
-.0435,.209
.093,.056
.004,.011
.07,.033
.078,.029
.075,.029
-.046,.045
.016,.009
.016,.009
.0969,.0939
.084,.028
.0359,.0109
.175,.0546
-.0151,.0129
.175,.0546
.0916,.265
-.0165,.0099
-.0151,.0129
.0916,.265
.0359,.0109
-.0165,.0099
.000658,.00933
.000658,.00933
.537,.064
-.27,.061
17.6,5.34
5.19,3.7
-.768,.34
9.289999999999999,1.37
6.44,1.89
-.555,.215
13.97,8.91
.038,.167
.351,.5570000000000001
.31,.105
1.074,1.32
1.88,.67
.034,.025
.003,.005
.233,.598
.019,.012
.017,.02
.321,.08991597
.14,.08588957
2.128,.68645161
.171,.10118343
.2,.07633588
.232,.04566929
.215,.06329114
.381,.08682771
.355,.08372642
.316,.11285714
1.003,.5040201
.299,.05236427
.104,.06419753
.259,.10318725
.46,.10176991
1.366,.62949309
.373,.14570312
.993,.49899497
.288,.06063158
.203,.15984252
.328,.06271511
.136,.08831169
.268,.08195719
.18,.06081081
1.126,.51651376
.204,.03013294
.37,.10136986
.258,.0585034
.0152,.02666667
.088,.088
.017,.56666667
.253,.10675105
.169,.03112339
1.076,.54619289
.123,.06059113
1.864,.80344828
1.251,.51694215
.237,.07053571
.178,.03852814
.295,.08676471
.173,.0287
.169,.0305
.1181,.0208
.1332,.0236
.731,.168
-.084,.016
-2.646,.611
-.287,.064
-.084,.019
.731,.168
-.061,.019
-.072,.019
-.238,.058
-.084,.019
-.061,.019
-.287,.064
-.244,.074
-.239,.057
-.238,.058
-.084,.016
-.257,.074
-.215,.059
-.244,.074
-.072,.019
-.239,.057
-.215,.059
-.703,.304
-.257,.074
.308,.595
.712,.916
1.336,.522
1.579,.87
2.245,1.02
2.768,3.717
2.939,3.105
.174,.889
1.497,.572
.962,1.642
.52,.231
6.907,3.258
1.3,1.419
3.437,1.871
.533,.222
.914,1.584
4.001,2.021
6.45,3.024
4.57,2.372
10.975,3.431
1.751,.8100000000000001
.669,.507
1.966,.952
4.089,2.312
7.955,8.946999999999999
2.277,1.082
-.914,.53
2.379,1.174
.5580000000000001,.178
1.244,.518
2863,1275
-.514,1.06
.527,.176
1.226,.471
.787,.221
.764,.172
1.345,.554
1160,374.4
.194,.116
.179,.114
.541,.623
.731,.447
-.729,.421
1.457,.482
.213,.262
2.149,.657
4.434,2.126
1.296,.523
-2530,1213
1.04,.385
.612,.203
2.603,1.302
2.484,1.566
2.25,1.066
-.584,.534
.749,.573
1.095,.425
-.637,.503
.239,.267
-2469,1322
-2.676,1.982
2.166,1.515
2982,1129
4.021,1.823
1.829,.458
-.679,1.179
-2.983,2.238
1.399,.592
.232,.112
-.04,.018
-.081,.079
-.216,.047
-.263,.095
-.032,.031
-.413,.091
-.153,.049
-.035,.047
-.026,.02
-.012,.011
-.156,.045
-.022,.034
-.001,.004
-.067,.024
-.096,.041
-.107,.047
-.004,.003
-.331,.089
-.16,.045
.002,.011
.11,.31
1.03,.21
.12,.27
1.03,.21
.08,.14
.24,.3
.03,.18
.25,.33
.12,.27
.95,.22
.2,.14
.86,.16
.21,.45
.93,.15
.22,.18
1.06,.23
3.61,.96782842
3.52,.76355748
2.81,6.5348837
.33,4.2307692
5.65,1.3814181
5.35,2.326087
2.94,1.219917
4.48,1.8902954
7.765,3.215
7.375,1.847
8.382,1.165
-5.904,4.43
-5.902,4.444
6.917,2.049
7.77,2.528
7.948,1.593
7.77,2.532
7.225,2.196
-5.868,13.109
6.917,2.049
.15,.09
.47,.07
.45,.07
.14,.17
.11,.15
.07,.05
.5,.11
.49,.09
.218,.101
.103,.051
.006,.115
.104,.056
.084,.104
.008,.085
.058,.096
.181,.108
.201,.1
.0447,.0146
.1304,.0886
.0539,.0168
.1617,.1064
.0223,.0121
.109,.024
-.056,.019
-.001,.005
.072,.021
.17,.046
.003,.003
-.041,.021
.02,.004
-.02,.006
-.012,.006
.002,.003
.001,.001
.048,.017
.01,.004
-8.83,2.34
-.964,.262
-.729,.244
-.735,.241
-.888,.322
4.94,1.201
-.143,.0598
-.219,.0778
.798,.32
.218,.247
-6.199,1.931
3.166,1.102
-.423,.152
-.583,.216
.132,.0837
-.694,.244
.475,.185
.391,.169
.5884,.0073
.5495,.036
.023,.0043
.5891,.0074
.005,.053
-.006,.016
.467,.106
.041,.09
.054,.056
-.006,.016
.467,.106
.041,.09
.005,.053
.054,.056
.491,1.276
.207,.098
-.344,.162
2.294,.991
.047,.033
-.437,.213
.164,.064
2.357,1.026
-.445,.429
1.066,.493
1.895,.8110000000000001
-.462,.193
.455,.837
.204,.617
.365,.538
2.514,1.069
-.026,.147
.681,.248
1.222,.466
.179,.128
.671,.055
.712,.141
.215,.086
.145,.057
.077,.103
.127,.041
.137,.12
.038,.05
.388,.138
.14,.044
.214,.052
.145,.057
.149,.035
.411,.145
.005,.039
.091,.069
.131,.115
.824,.152
.512,.096
.006,.043
.01,.153
.137,.12
.131,.105
.007,.129
.101,.06
.078,.067
.192,.107
.055,.03
.067,.096
.061,.101
.222,.059
.622,.067
.5649999999999999,.109
.179,.128
.009,.029
.007,.129
.042,.065
.805,.083
.163,.055
.325,.046
.183,.108
.263,.1
.146,.039
.006,.043
.172,.044
.145,.057
.831,.069
.156,.031
.116,.023
.166,.145
.157,.061
.594,.181
.22,36.1
.95,1.5
.04,.3
1.18,1.9
.17,.6
.13,1
.02,.01
.11,1.4
.32,.9
.28,2.4
1.94,1.9
.39,1.8
.071,.008
.129,.106
.07,.008
.13,.116
.121,.116
.012,.001
.001,.002
5.027,.209
.167,.089
.002,.002
.065,.009
.002,.002
.011,.001
.002,.002
.074,.008
.012,.001
.016,.002
5.614,2.352
.082,.007
.012,.001
.014,.001
.066,.009
.171,.094
.016,.002
.09,.015
.001,.0001
.013,.001
.09,.015
.115,.104
.001,.003
.092,.012
.003,.002
4.905,.276
.015,.002
-.778,.325
-.832,.323
-.949,.349
-.78,.467
.013,.007
.017,.007
.016,.007
.018,.007
.009,.005
.007,.005
.015,.007
.32,.903
.078,.016
.005,.223
.048,.017
.029,.013
.187,.164
.053,.026
1.272,.792
.868,.097
.206,.226
1.305,.476
.123,.019
.083,.5669999999999999
1.93,.42
.071,.03
1.723,.5610000000000001
.968,.107
1.786,.389
2.879,.703
.168,.165
.08,.024
.095,.026
.16,.041
.107,.026
.299,.056
.091,.028
.095,.026
.022,.066
.05,.02
.14,.07
27.06,8.199999999999999
.18,.09
.16,.09
.05,.01
.11,.06
.35,.15
.06,.02
.16,.05
.07,.03
.07,.11
14.32,4.31
1.23,.47
.01,.01
.04,.02
.21,.1
.09,.05
.01,.01
.08,.04
.45,.19
-.032,.015
-.038,.018
.027,.007
-.226,.06
-.163,.099
.003,.028
-.211,.051
.07,.032
-.034,.021
-.193,.059
.028,.007
-.179,.106
.095,.042
-.119,.072
-.216,.052
.077,.03
-.219,.059
-.168,.105
-.185,.112
.023,.006
-.243,.061
-.208,.053
.293,.129
.023,.012
.031,.005
.024,.027
.016,.028
.338,.218
.066,.013
.019,.014
.133,.064
.455,.115
.191,.072
.203,.056
-.44,.07
.2,.03
-.19,.07
.2,.03
-.21,.03
-1.14,.2
-.15,.12
-1.1,.13
-.2,.07
-1.19,.19
-1.13,.13
-.44,.07
-1.14,.2
-.19,.07
-.47,.07
-1.1,.13
.516,.049
3.437,.733
6.251,.62
.758,.119
8.359999999999999,.74
.435,.2112244897959184
.333,.101530612244898
.144,.2591836734693878
.467,.2224489795918368
.254,.1459183673469388
.0199,.0311
.1152,.0272
.1664,.0366
.444,.3326
.0633,.0267
.1121,.0321
.0608,.0397
.0684,.0286
.086,.0311
.1974,.0503
.0858,.0439
.0302,.0223
.0179,.0258
.1601,.0391
6.265,2.09
.0459,.0484
.0601,.0259
.0309,.0369
.1256,.0418
.1161,.0358
.1847,.0452
.0259,.0285
.0091,.0383
.0158,.0043
.5304,.3427
.1707,.0343
.0996,.047
.5792,.2697
4.206,2.026
.32877,.3065
.0049,.0031
.4549,.3327
.0495,.0277
.0069,.0396
.0714,.0357
.0531,.0418
.0096,.0394
.0107,.0041
.144,.0336
.0518,.0416
.0038,.0164
.0122,.0283
.0681,.0327
.0048,.0391
6.673,3.067
.0108,.004
.097,.0333
.0777,.0371
.2443,.0542
.0405,.0385
.0501,.0256
.152,.0348
.0064,.0033
.1126,.0472
.116,.2741
.0246,.0068
.1087,.0516
.0405,.026
.1175,.0523
7.466,2.25
.1482,.0372
.2213,.0517
.0559,.0289
.1024,.034
.0884,.0307
.0802,.0438
.0245,.0071
.0285,.0072
.0576,.0491
.138,.0405
.0092,.0393
.0224,.0264
.1372,.0404
.0994,.0346
.0203,.0051
.0263,.0306
.1068,.0482
.0234,.0287
.0813,.0359
.0235,.0315
.0179,.025
.2489,.0547
.0576,.0308
.1299,.0475
.0161,.0276
.0248,.0055
.0461,.0485
.0732,.0421
.248,.0547
.0713,.0333
.0767,.0487
.0407,.0297
3.128,1.647
.0593,.0492
.1058,.0465
.1042,.0461
.0281,.0246
.0405,.025
5.135,2.017
.0321,.0317
.0677,.035
7.401,3.06
.30703,.0431
.0104,.0162
.0103,.0036
8.712999999999999,2.814
.0623,.0451
6.244,2.793
.0633,.0471
.0215,.0166
.029,.0058
10.02,2.772
4.343,1.875
.0786,.0432
.0856,.0489
.07483,.0488
5.16,2.291
.0255,.0378
.1624,.0421
.0613,.0449
3.09,1.77
-28.27,14.09
40.12,29.22
44.89,17.42
3.42,1.27
1.96,.97
3.77,2.7
50.01,15.26
-23.76,12.19
2.79,1.84
3.94,1.92
3.95,1.81
3.05,2.09
1.73,.74
.4,.26
3.77,2.44
4.05,1.74
-36.54,17.62
.32,.29
3.63,2.21
48.87,30.05
-39.65,19.51
.902,.171
-1.04,.31
-.28,.091
-.28,.092
-1.07,.29
-1.05,.27
-.27,.1
-.29,.12
-2.22,.83
-1.03,.37
-2.15,.8100000000000001
-2.1,1.06
.99,.031
-2.09,1.03
.99,.093
-2333,1000
-.112,.054
-.076,.01
-.101,.028
-1586,320
-1902,546
-.045,.034
-.084,.04
-1228,299
-.072,.045
-.032,.01
-.136,.034
-.041,.009
-2465,738
-.105,.027
-.215,.117
-.117,.025
-.217,.189
-.081,.015
-.028,.008
-.084,.034
-.06,.01
-.058,.008
-.079,.012
-.072,.009
-.094,.023
-.082,.017
-.07,.012
-.057,.011
-.135,.092
1.14,.15
4.25,.49
1.61,.22
-1.32,.51
1.18,.2
-.16,.07
-.16,.07
-.21,.07
1.11,.46
3.55,.38
10.11,3.53
-.17,.07
5.93,2
4.43,.52
-1.04,.28
-.72,.29
1.45,.23
1.61,.51
-.18,.07
1.42,.22
1.74,.51
5.54,2.74
1.25,.23
1.16,.47
4.39,.36
1.06,.17
1.23,.14
1.15,.21
7.93,1.83
9.26,2.11
-.65,.39
3.55,.32
1.62,.23
1.38,.51
-1.19,.31
-.23,.07
-.78,.35
1.47,.23
1.24,.17
4.14,.38
6.35,2.3
1.02,.45
.085,.057
.042,.053
.041,.043
.085,.055
.08,.045
.138,.055
.09,.064
.033,.053
.009,.066
.005,.054
.064,.044
.055,.053
.026,.063
.11,.064
.127,.068
.171,.04
.112,.05
.003,.054
.041,.032
.019,.049
.053,.035
.003,.062
.011,.061
.089,.047
.099,.054
.041,.05
.007,.053
.011,.047
.008,.047
.014,.09
.015,.049
.077,.057
.022,.061
.045,.088
.035,.041
.058,.104
.004,.051
.088,.037
.031,.05
.024,.07
.05,.048
.011,.052
.023,.047
.01,.046
.088,.056
.005,.049
.085,.056
.127,.062
.012,.051
.061,.05
.117,.051
.044,.059
.0152,.079
.046,.051
.043,.053
.087,.052
.03,.076
.083,.071
.189,.0048
.418,.076
.208,.035
.067,.0012
.086,.024
.082,.043
.024,.015
-.123,.051
1.682,1.235
.056,.035
.135,.076
.035,.053
.066,.068
-.087,.059
-.14,.084
-.345,.104
.914,.253
.167,.067
-.365,.111
.026,.073
.063,.071
.172,.145
.187,.068
-.1,.05
-.024,.07
.048,.08
1.037,.241
.015,.173
.343,.09
.395,.153
.451,.094
.453,.132
.314,.145
.576,.083
.359,.239
.399,.108
.517,.16
.008,.274
.115,.243
.035,.03
.234,.076
.097,.039
.149,.041
.003,.037
.215,.069
.097,.052
.108,.044
.243,.06
.142,.044
.133,.043
.26,.073
.125,.043
.197,.464
2.885,2.284
3.769,.966
1.015,.594
.328,.13
4.144,1.924
-.24,.122
-1.84,.793
-.33,.109
-.97,.474
-1.11,.532
-.24,.122
-.23,.107
-2.22,.902
-.97,.475
-.28,.387
-.08,.122
-.11,.352
-.05,.109
-.14,.115
-.459,.429
.027,.006
-.441,.117
.03,.011
.51,.277
-.396,.207
-.386,.0259
-.9,.217
-.668,.197
.027,.01
.01,.007
1.82,.34
2.64,.08
18.4,1.15
5.3,.39
8.33,.55
1.83,.34
9.050000000000001,.55
18.43,1.07
5.32,.38
1.19,.2
2.76,.12
.91,.16
.34,.04
7.3,.52
.96,.15
.504,.067
.524,.076
.515,.12
.102,.013
.473,.063
.097,.012
.537,.118
-.368,.278
.208,.259
-.18,.283
-.059,.354
-.597,.377
-3.03,.55
1.24,.43
1.24,.43
-2.55,.47
-.96,.18
-.11,.25
.75,.23
.17,.21
.5600000000000001,.2244897959183674
.51,.3520408163265306
.47,.1479591836734694
.65,.2142857142857143
-.1,.2806122448979592
.39,.1275510204081633
.08,.1734693877551021
.48,.1224489795918367
.13,.1071428571428572
.64,.1581632653061225
.71,.2142857142857143
.66,.2193877551020408
.44,.2551020408163265
.71,.2091836734693877
.75,.2295918367346939
-.09,.2244897959183674
.04,.1887755102040816
.069,.038
9.032,2.632
6.399,3.322
1.626,2.025
.769,.209
8.951000000000001,2.139
.182,.064
6.35,1.474
5.778,1.702
.0000241,.0000178
.162,.078
.051,.044
1.104,.351
-13.293,5.132
1.802,1.738
1.026,.308
-26.465,8.648
.71,.199
.059,.035
.289,.075
.084,.046
.28,.094
.125,.056
5.659,2.395
-13.676,4.588
.092,.046
-24.101,6.614
.108,.063
.175,.069
.13,.04
.03,.09
.78,.27
1.7,.51
.09,.05
.37,.24
.33,.63
.22,.06
1.846,1.017
.291,.166
.137,.045
.005,.001
1.011,.396
.242,.338
.125,.041
.094,.228
.498,.176
.768,.454
.001,.002
.152,.046
.125,.173
.779,.447
1.592,.9389999999999999
.004,.003
.139,.042
.136,.045
.139,.039
.126,.041
.14,.042
.152,.044
.152,.044
1.162,1.175
.151,.046
.337,.095
.547,.803
.139,.039
.46,.165
.153,.202
30.73,35.63
11.82,5.96
19.32,11.11
25.37,16.71
16.71,9.35
29.52,23.65
-2.65,.22
-1.06,.42
.6,.05
.5,.04
-1.98,.37
-2.54,.2
.04,.024
.047,.024
.21,.059
.038,.028
.054,.023
.187,.056
.235,.063
.188,.059
.046,.031
.047,.02
.91,.146
2.368,.9419999999999999
1.81,.308
.8,.229
.14,1.38
1.487,.375
3.782,2.063
2.368,.9419999999999999
1.399,.329
.243,1.049
.328,.6889999999999999
2.512,.784
1.606,.8169999999999999
2.413,1.075
1.487,.375
2.422,.993
.616,.324
.6879999999999999,.242
.632,.336
.749,.252
.543,.237
.701,.314
4.155,1.168
.982,.49
3.897,1.101
.091,.328
26.71,13.73
3.536,1.018
238.6,241.3
108.1,63.08
.0382,.0204
.0163,.0484
.0573,.267
.0398,.0286
.0257,.0108
.33,.187
.011,.00789
.0296,.056
.0728,.0202
.00136,.0508
.00273,.0215
.0456,.0218
.0248,.0199
.117,.0409
.0317,.0103
.0236,.048
.0251,.0143
.208,.0595
.0271,.0298
.0509,.0574
.0103,.0294
.019,.011
.122,.066
.029,.033
.066,.037
1.179,1.136
.249,.148
.09,.043
1.074,.377
1.041,.272
.013,.008
.281,.106
.018,.9
.047,.031
.149,.15
.079,.041
.315,.125
.416,.15
.05,.043
.046,.039
.082,.038
.028,.07
.05,.043
.082,.045
.32,.158
.065,.029
.056,.087
.133,.129
.038,.03
.348,.163
.015,.045
.043,.038
.052,.266
.127,.067
.054,.025
.293,.137
.877,.804
.014,.008
.017,.009
.095,.046
.113,.365
.009,.033
.057,.02
.085,.105
.08,.251
.273,.136
.062,.089
.046,.032
.034,.07
.034,.029
.067,.029
.098,.099
.057,.019
.059,.046
.147,.145
.038,.039
.824,.829
.036,.03
.151,.403
.041,.272
.283,.143
.471,.193
.115,.053
.323,.167
1.252,.413
.087,.035
1.373,1.186
.554,.215
.056,.095
.063,.024
.044,.024
.152,.078
.068,.03
.112,.055
.021,.01
.058,.025
.012,.03
.163,.082
1.322,.461
.92,.251
.02,.03
.033,.095
.15,.105
.102,.044
.415,.143
.277,.16
.014,.038
.039,.072
.109,.088
.028,.052
.234,.091
.143,.073
.008,.348
.1644,.17
1.052,.266
.195,.097
.059,.022
.073,.098
.152,.185
.062,.021
.077,.033
-.047,.019
.01,.008
-.056,.022
-.017,.014
.007,.006
-.009,.012
.01,.008
.008,.006
-.04,.016
.007,.006
-.019,.012
-277.36,162.431
-.494,.135
3.725,2.085
.325,.479
.731,.526
1.827,7.692
.197,.392
-2.021,6.899
.206,.341
-5.717,3.962
3.736,1.877
3.55,2.135
-5.695,4.566
3.348,1.809
1.87,1.16
1.87,.98
1.43,.9399999999999999
2.1,.84
9.68,4.46
8.44,3.6
2.39,1
1.7,1.06
2.59,.97
9.93,4
2.22,1.2
2.01,1.09
2.49,.89
1.97,1.17
8.48,4.09
7.77,3.52
2.14,1.06
8.51,3.88
.016,.048
.01,.014
.021,.011
.005,.012
.03,.016
.062,.065
.023,.028
.032,.02
.026,.012
.021,.012
.006,.012
.012,.013
.026,.013
.066,.038
.02,.028
.031,.016
.067,.058
.01,.047
.031,.02
.063,.035
-.0247,.0027
.1291,.0196
.1316,.0147
-.0018,.0017
-.021,.0025
-.0041,.0009
-.064,.0144
.0068,.0012
-.0195,.0021
-.0507,.0213
.0084,.0009
-.02,.0022
.4599,.083
1.5389,.404
.6407,.136
2.5741,.373
1.9256,.455
-.6387,.135
3.2148,.438
.1638,.022
-.3853,.196
.2126,.078
.3867,.197
.1407,.031
1.51,.5639999999999999
.624,.027
.642,.027
1.854,.764
2.378,.658
1.503,.552
1.665,.582
.641,.031
1.28,.228
.109,.038
.112,.04
.112,.04
1.158,.489
.41,.196
.413,.198
.917,.514
.063,.063
-.004,.027
.824,.404
-.026,.004
-.014,.005
.01,.009
-.01,.007
.015,.016
.004,.003
-.001,.004
-.017,.012
-.022,.004
-.024,.004
-.007,.01
.012,.007
.018,.017
-.027,.004
.001,.006
-.015,.006
-.006,.011
-.015,.009
-.019,.01
.01,.011
.062,.067
.002,.001
.084,.094
-.022,.012
-.01,.005
-.01,.014
.027,.009
.008,.009
.1477,.0325
2.293,2.0695
3.1591,10.1428
.0706,.0187
.1524,.0277
28.3848,9.487399999999999
183.9049,52.9436
.5590000000000001,.277
.384,.184
.384,.184
1.02,.31
.953,.305
.527,.265
.598,.263
.44,.377
.983,.303
1.465,.229
1.465,.229
1.028,.346
.705,.194
.527,.265
1.394,.19
1.361,.188
.535,.176
1.029,.306
.274,.104
.482,.248
.678,.375
.44,.377
.592,.376
.5600000000000001,.263
.396,.186
.507,.176
.577,.471
.642,.333
1.1338,.185
.492,.379
1.098,.145
.44,.202
1.029,.306
.204,.402
.549,.266
-.004,.005
-.0129,.016
.0001,.003
-.0045,.004
.0007,.018
-.0176,.015
-.00751,.00745
-.00181,.00344
-.000812,.00248
.0123,.00472
-.00203,.00255
.000418,.00642
-.000326,.00201
.00187,.00358
.01,.0149
.000131,.00435
-.00615,.00509
-.00311,.00254
-.0179,.00817
-.0225,.00534
.00511,.00577
.000491,.00194
.00634,.00533
.273,.146
.183,.052
.195,.055
.186,.052
.138,.042
.0006,.0035
.1215,.0357
.4537,.1496
.276,.114
10.469,24.772
2.199,1.82
-.046,.063
-.112,.106
.476,.097
15.497,19.873
-.036,.027
.473,.097
-.006,.009
10.645,23.963
.275,.114
.248,.146
15.931,19.987
-.005,.006
-.098,.068
.003,.042
-.004,.025
.305,.185
.045,.587
-.05,.029
-.037,.027
-.005,.132
.172,.088
-.146,.763
-.062,.07
2.188,1.814
-.048,.063
.001,.011
-.267,.129
.398,.398
-48.637,21.522
.305,.143
18.713,6.951
-.015,.012
-.127,.054
4.106,2.421
.032,.02
.005,.018
3.513,2.138
-.114,.058
.48,.19
.203,.088
-.012,.038
-.37,.15
.143,.056
.053,.054
-.4,.14
-.34,.13
-.028,.021
-.05,.043
-.045,.072
.046,.022
-.021,.013
-.094,.048
.062,.035
.71,.21
-.024,.011
-.048,.034
.68,.21
-.235,.098
.011,.023
-.139,.074
-.37,.14
.53,.19
-.005,.006
.002,.009
-1.1,.36
-1.36,1
-.42,1.02
-1.42,2.01
1.61,.43
-1.46,.5
-.49,1.32
-1.16,.57
-1.18,.52
-.99,1.07
-1.08,.76
-1.09,.55
1.57,.72
1.41,.13
2.3,.38
.92,.04
.8,.06
1.85,.49
.83,.04
-3.2,3.35
.93,.05
1.05,.09
7.96,53.18
1.45,.65
.84,.08
.93,.05
4.52,.7
1.42,.21
.007,.053
.002,.025
.041,.029
.034,.037
.18,.026
.064,.0314
.177,.018
.037,.035
.177,.02
.073,.078
.047,.017
.105,.045
.035,.054
.046,.025
.014,.043
.097,.056
.073,.092
.047,.019
.026,.074
14.872,6.019
.366,.201
14.32,6.081
.36,.201
.751,.1
.533,.09
.511,.08
.014,.07
.222,.101
.236,.073
.222,.117
.347,.095
2.127,.873
-10,3.44
-.71,.38
.79,.32
.067,.043
.99,.39
1.22,2.84
.62,.4
.91,.49
-.67,.43
-.4,.5600000000000001
7.37,4.36
.88,.5
5.95,3.09
.085,.021
.63,.37
7.14,3.4
.64,.36
.097,.023
-8.779999999999999,3.38
-.55,.47
8.210000000000001,5.58
.39,.46
-8.59,2.68
.087,.021
1.81,3.11
.79,.32
-8.869999999999999,3.56
.119,.031
-.66,.35
1.65,4.83
-.72,.35
2.91,4.21
.075,.058
1.05,.38
.118,.031
.142,.032
.02,.005
28.776,1.576
.498,.029
1.137,.274
.5679999999999999,.205
4.209,1.102
.526,.165
.02,.005
.01,.00049
.01,.00049
.01,.00049
.01,.00049
.5610000000000001,.14458763
.056,.05045045
4.945,2.1314655
3.196,1.0146032
16.051,9.6113772
4.64,2.6363636
.038,.02261905
.544,.24285714
.383,.12120253
1.24,.49799197
1.657,.66015936
.579,.2392562
.312,.16082474
1.092,.31836735
4.826,2.805814
.123,.01583012
.147,.06155779
.225,.0974026
4.452,1.7123077
4.489,1.1907162
.374,.19179487
.092,.02920635
.151,.06926606
.035,.03804348
.091,.05
.617,.22194245
.544,.21167315
.736,.23291139
.4,.22346369
.07,.02723735
.095,.02051836
.54,.07040417
1.349,.39260768
.025,.00909091
1.393,.54414063
.037,.01010929
.098,.03698113
-.022,.02
-.096,.032
.021,.006
.105,.033
.048,.033
-.048,.02
-69403,50468
.049,.033
18360,53453
.024,.006
.012,.002
.039,.117
1.05,.033
.081,.059
-59221,58779
.002,.023
.051,.018
.016,.01
.056,.021
.058,.029
.033,.02
.025,.008
.742,2.191
.066,.022
.11,.028
.019,.009
.064,.026
-2.648,.338
-2.736,.747
-1.856,.608
-2.367,.862
-1.341,.145
-3.362,1.038
-1.578,.477
-2.052,.6889999999999999
-1.821,.219
-1.913,.241
-2.421,.29
-1.281,.133
.000958,.000928
.000612,.00108
.0191,.106
.00191,.0013
.000706,.00105
.619,.266
.00102,.00286
.398,.236
.00442,.00385
.0152,.0702
.3233,.2373
.0515,.1364
.2032,.164
.2351,.1675
.3169,.2346
.3949,.3542
.0617,.1526
.2163,.3705
.8247,.4211
.0426,.1362
.0579,.1606
.8294,.4863
-.087,.047
-.019,.059
-.055,.034
-.244,.078
-.148,.068
-.047,.059
-.098,.038
-.072,.03
-.05,.051
-.069,.034
-.077,.074
-.123,.054
28.019,3.051
14.989,3.02
7.066,1.621
5.24,1.059
23.439,4.701
14.971,2.873
19.969,2.417
20.485,2.672
24.016,3.836
7.23,3.52
6.64,5.08
7.18,2.61
7,2.98
4.1,1.86
1.16,1.24
3.78,1.75
7.94,5.38
9.380000000000001,4.37
12.78,4.99
2.72,4.68
10.95,4.34
3.32,2.99
3.48,5.07
5.03,3.42
2.55,1.08
5.7,3.51
6.04,2.75
6.65,4.53
4.95,2.09
4.28,1.45
5.64,1.95
11.35,8.630000000000001
4.13,1.34
3.22,1.67
5.76,4.05
8.029999999999999,3.303
7.58,3.78
2.39,2
3.46,2.08
8.907,3.443
8.917,3.548
.018,.088
.031,.091
.083,.091
8.287000000000001,3.157
9.218999999999999,3.353
10.117,3.682
7.599,3.301
-.882,.216
-.384,.087
3.624,.97445118
1.704,.45818565
.117,.04411649
.474,.12745305
7.545,2.0287622
.975,.26216609
.0171,.325
.927,.735
.556,.259
.0143,1.199
.273,.141
.736,1.018
.791,.267
.163,.695
.719,.235
.881,.726
.099,.205
.643,.335
.0603,1.232
.274,.329
.579,.216
.003,.002
.154,.364
.003,.003
.08,.029
.005,.012
.104,.029
.004,.002
.0075,.0028
.005,.001
.016,.1
.003,.003
.009,.002
.128,.833
.008,.768
.002,.002
.043,.28
.001,.033
.027,.057
.089,.045
.311,.119
.433,.116
.336,.194
.751,.342
.443,.19
.406,30.34
.355,.12
.396,.112
.371,.266
.076,.126
.106,.276
.174,.267
.749,.463
.298,.213
.119,.123
.492,1.285
.364,.233
.523,.237
.356,.261
3.129,1.824
.436,.215
.784,.437
.359,.254
.143,.139
.389,.242
.163,.274
.9419999999999999,1.231
1.232,1.272
.34,.24
.878,.484
.144,.138
.022,.006
.035,.035
.025,.006
.305,.119
.017,.005
.002,.005
.108,.033
.353,.147
.02,.006
.31,.103
.223,.186
.024,.006
.342,.141
.016,.033
.105,.047
.019,.003
.128,.031
.035,.007
.13,.043
.222,.09
.395,.11
.013,.005
.036,.007
.178,.179
.007,.021
.021,.006
.013,.005
.5629999999999999,.127
.001,.033
.002,.06
.017,.003
.394,.135
.024,.06
.038,.036
.275,.111
.389,.143
.5669999999999999,.134
.01,.019
.017,.059
.022,.004
.021,.006
.216,.133
.022,.004
.014,.005
.02,.006
.247,.092
.022,.005
137,55.27922
17.2,9.1450757
.323,.031
.405,.032
.252,.038
.479,.041
.002,.001
.001,.001
.001,.001
-.0219,.02
-.2028,.01
-.0388,.021
-.054,.011
-.0579,.01
-.0687,.019
.41,.273
.022,.012
.011,.006
.001,.003
11.304,7.194
.959,2.366
.007,.012
.017,.105
.962,.266
.916,.281
.592,.373
.775,.244
.904,.241
.829,.279
.291,.207
.452,.175
.291,.206
1.486,1.007
1.284,.95
1.346,.956
.854,.252
.49,.497
2.69,1.26
3.91,.72
3.85,1.87
3.42,.71
3.41,.76
11.11,2.53
2.7,1.38
3.87,.79
11.3,4.58
11.26,2.49
11.96,4.59
7.64,2.28
1.62,.72
9.15,4.23
2.51,1.36
8.880000000000001,4.18
3.02,.522
4.21,1.92
7.47,2.08
7.19,2.31
4.46,1.46
3.56,.67
7.78,2.11
2.75,.62
.0292,.0387
.192,.5998
.0047,.0108
.019,.0176
.0029,.0316
.0326,.0177
18,23
.0032,.0113
.0126,.0273
.0286,.0178
.9263,2.4904
121,63
.2508,1.29047
.0241,.0346
.0105,.0112
.0184,.0362
.0142,.015
.002,.029
.0698,.047
.0171,.0339
.0312,.0155
.0109,.0114
344,206
.0023,.0172
.0141,.0173
.0634,.0325
.03,.0273
6.2988,1.9753
.0345,.0253
.0132,.0146
.0075,.0112
.0014,.0114
.0085,.0151
.006,.0061
.0263,.0115
.0056,.0058
.0065,.0061
.0259,.0114
.0293,.0127
.83,.175
1.261,.6870000000000001
.58,.146
.696,.152
.418,.063
.761,.118
.476,.744
.452,.149
1.16,.204
.864,.268
.0291,.222
.753,.137
.773,.222
2.306,.532
1.039,.265
1.319,.326
1.276,.677
1.346,.227
1.692,1.017
.995,.194
1.071,.482
.737,.116
.021,.198
.901,.251
.0366,.12
1.246,.233
.62,.298
1.262,.139
.5629999999999999,.156
1.358,.309
1.144,.213
1.075,.474
1.216,.165
.421,.0987
.513,.862
.4,.064
.873,.186
.404,.049
.132,.111
.194,.093
1.198,.164
1.579,.388
.113,.045
1.423,.526
.996,.186
.403,.052
1.261,.358
1.508,.254
.627,.329
6.35,3.196
8.784000000000001,4.344
7.103,3.223
1.201,1.054
6.35,3.196
.977,.537
8.343,4.144
.608,.024
.641,.038
.551,.023
.5,.268
.62,.024
.584,.033
.5610000000000001,.036
.006,.293
.245,.427
.61,.037
.554,.023
.359,.348
-.08,.025
-.393,.096
-.121,.041
-.12,.039
.083,.05
.011,.0048
.049,.024
.0047,.0039
.3,.01
-.01,.00049
.01,.00049
.33,.01
.07,.01
-.1,.01
2.858,1.18
2.614,1.014
10,2.88
3.359,1.296
.115,1.042
2.773,1.058
3.819,1.477
.047,.007
.055,.01
.05,.006
.027,.046
.048,.007
.0044,.0022
.0075,.0026
2.12,1.27
4.85,1.39
2.68,.93
4.72,1.26
.0016,.003
.001,.0026
.0031,.0026
8.125999999999999,3.8
8.047000000000001,1.7194444
.305,.19426752
5.617,1.6328488
.2688,.25358491
4.092,1.3073482
.485,.24619289
.797,.32530612
.903,.40133333
17.505,3.1483813
.209,.1039801
.408,.2
.15,.06756757
.967,.49336735
1.045,.56486486
.639,.30428571
3.97,1.2563291
8.25,1.7895879
.894,.7706896600000001
1.04,.51741294
.192,.15609756
1.278,.665625
.822,.32619048
.43,.23243243
.49,.18421053
7.31,1.7529976
4.311,2.1447761
11.35,2.3450413
.541,.19184397
2.385,.72492401
.284,.11050584
.657,.30700935
.362,.18190955
.431,.17663934
.289,.11747967
.899,.51079545
.421,.17113821
.633,.29579439
.975,.3362069
.556,.21889764
.258,.12585366
.517,.29884393
.148,.038
.163,.035
.167,.038
.38,.217
.453,.212
.553,.087
.492,.092
.672,.043
.486,.05
.289,.112
.001,.028
.31,.053
.335,.068
.201,.015
.445,.015
.036,.019
.068,.039
.086,.027
.04,.017
.221,.016
.452,.015
-.05,.038
.285,.056
.4,.06
.608,.042
.233,.059
.324,.044
.52,.144
.408,.076
.048,.029
.53,.164
.119,.069
.511,.044
.088,.032
.501,.169
.039,.021
.036,.023
.095,.016
.234,.079
.544,.043
.002,.036
.092,.013
.19,.016
.007,.008
-.621,.383
-.023,.038
.005,.008
.283,.161
-.052,.273
-.04,.039
.304,.186
-.182,.046
.519,.179
.641,.226
-.246,.05
-.074,.124
-.576,.364
1.29,.46
.82,.49
.78,.32
2.76,.6
1.29,.46
.82,.49
2.6,1.23
.78,.32
2.76,.6
2.6,1.23
.488,.197
.497,.21
.473,.213
.6,.272
.428,.178
.497,.21
.5,.209
.126,.215
.097,.223
.491,.205
.017,.204
.279,.087
.024,.211
.215,.243
.5,.178
.014,.187
.553,.211
.195,.216
.468,.211
.345,.122
.323,.086
.499,.211
.487,.205
.012,.197
.5620000000000001,.206
.487,.192
.227,.204
.488,.205
.287,.129
.072,.212
.262,.178
.171,.198
.327,.161
.498,.21
3.603,1.914
.654,.179
.637,.124
.392,.099
.37,.104
1.056,.573
.068,.034
.248,.075
.387,.212
.37,.122
.023,.006
2.864,1.425
.082,.019
.274,.13
.076,.018
.035,.007
.23,.069
2.037,.899
.632,.117
.108,.032
.09,.038
.553,.084
3.184,1.399
.151,.088
.26,.131
.5570000000000001,.081
.323,.165
.1,.03
0,.00049
-.004,.001
-.004,.001
.0002,.0001
-.004,.001
-.006,.001
.001,.0001
-.006,.001
-.004,.001
.459,.087
.518,.061
.328,.06
.886,.185
.305,.059
.972,.099
.512,.047
.6840000000000001,.084
.373,.062
.337,.111
.58,.063
.318,.057
.715,.089
.701,.096
.55,.103
.899,.094
.351,.03
.52,.098
.423,.048
.538,.107
.766,.145
.497,.063
.74,.155
.103,.113
-.293,.084
.016,.004
.339,.079
-.293,.084
-.014,.004
-.014,.004
.339,.079
.016,.004
.2037,.09
.172,.058
.202,.092
.251,.126
.1785,.066
.1779,.062
.306,.155
.174,.068
.1769,.063
.283,.132
.231,.107
.2308,.16
.241,.095
.2037,.09
.1784,.066
.3162,.16
.1666,.872
.299,.106
.2428,.14
.262,.104
.178,.062
.215,.103
.1972,.089
.353,.144
.208,.124
-.114,.057
.142,.138
-.012,.03
-.123,.047
.097,.059
.013,.033
.005,.004
.015,.063
.125,.055
.126,.054
.061,.155
1.809,1.939
.181,1.883
.209,.127
.051,.032
-.015,1.439
.037,.025
-.14,.042
.948,1.128
.281,.144
.005,.004
.006,.029
.192,.038
.024,.061
.036,.042
.156,.046
.123,.05
1.09,2.109
.102,.049
.279,.193
.099,.053
.016,.033
.054,.026
.113,.064
.189,.042
.158,.046
-.095,.056
.105,.049
.094,.057
-.524,.966
.065,.049
.135,.073
.293,.193
-.005,1.441
-.121,.055
-.108,.052
.068,.032
.105,.062
.107,.056
.03,1.404
.179,.107
.177,.077
.786,.131
2.864,1.144
3.567,1.443
1.5,1.141
.446,.16
.152,.196
.697,.131
2.252,1.863
.639,.143
.95,1.885
.344,.197
2.089,1.441
2.339,1.083
.058,.05
.167,.055
.4,.18
.235,.201
.134,.084
.032,.023
.07,.104
.846,.145
.383,.196
.304,.167
.5570000000000001,.155
.825,.129
.288,.079
.741,.162
2.378,.523
1.892,.541
2.322,1.014
1.711,.166
.7,.6
.89,.38
.13,.25
.68,.52
.52,.26
1.88,1
.08,.28
.76,.95
1.83,1.01
1.05,.53
.13,.11
.84,.51
.67,.54
1.6,.8100000000000001
.31,.26
1.39,.82
1.58,.72
.09,.47
1.11,.76
1.22,.73
.09,.61
1.73,1.13
2.41,1.11
.6899999999999999,.58
.36,.79
1.6,.77
1.27,.75
1.89,.66
1.502,.654
.244,.183
.227,.126
.366,.168
.395,.219
.485,.279
.369,.163
.338,.181
.062,.014
.096,.07
.058,.032
.233,.084
.366,.178
.325,.178
.366,.168
.336,.144
.361,.16
.484,.226
.123,.03
.102,.026
.048,.018
.058,.017
.102,.0217484
.041,.02204301
.156,.07
1.408,.331
.097,.032
32.245,17.815
.468,.296
.902,.183
3.095,.8100000000000001
1.317,.405
1.259,.405
.075,.049
.726,.442
.6840000000000001,.266
-.494,1.297
2.812,1.316
1.259,.405
3.217,.804
.044,.085
-.263,.227
1.336,.192
-.145,.0607
-.0921,.0482
-7434.7,2768.5
-3951.4,1414.1
-.0772,.0542
-.017,.024
-.126,.0477
-5078.5,2265.4
-1299,1247.4
.445,.108
1.948,.39
.436,.121
.013,.005
.221,.074
.077,.021
.154,.068
.027,.012
.01,.011
.075,.03
.018,.013
.518,.137
.282,.076
.011,.017
.119,.13
.287,.21
.061,.071
.223,.116
.016,.101
.179,.123
.459,.132
.003,.018
.165,.095
.078,.018
.051,.161
.029,.016
.065,.098
.49,.88
.047,.012
.022,.024
.098,.074
.032,.103
.039,.02
.075,.02
.009,.028
.04,.08
.006,.018
.053,.038
.007,.014
.037,.012
.0863,.022
.009,.015
.031,.021
.325,.059
1.909,.184
2.307,.235
.153,.033
.005,.006
.007,.004
2.279,.229
1.995,.265
.153,.093
2.188,.215
2.45,.374
2.666,.413
2.33,1
.106,.026
.006,.006
.074,.062
.169,.023
3.155,.315
2.067,.375
1.961,.182
1.58,.159
2.53,.271
.306,.149
1.912,.179
.194,.058
1.727,.183
1.803,.197
1.255,.117
.209,.087
2.041,.189
1.736,.332
.188,.055
.183,.095
2.184,.2149
2.446,.252
.155,.024
.155,.023
.162,.029
.005,.006
1.688,.142
.161,.036
.152,.043
.229,.037
.168,.022
.167,.025
2.608,.263
.006,.006
2.915,.435
2.145,.251
.163,.023
.176,.033
.161,.033
2.774,.4
2.394,.317
.17,.023
.164,.024
.172,.028
.093,.051
.146,.033
.612,.283
.652,.318
.541,.272
.489,.268
.93,.442
.578,.318
1.019,.503
.467,.279
1.106,.482
-.024,.007
-.044,.007
-.101,.022
-.05,.009
-.027,.008
-.055,.018
-.036,.006
-.066,.024
-.003,.002
.413,.09
-.055,.021
-.003,.013
-.038,.005
-.112,.016
-.028,.008
-.04,.008
-.47,.54
.001,.015
-.004,.002
-.077,.051
-.041,.009
-.024,.006
.001,.004
.078,.019
.055,.08
-.018,.004
.027,.135
-.106,.017
-.386,.176
-.06,.053
-.043,.106
-.475,.023
-.052,.022
-.063,.009
.123,.011
.075,.008
.112,.008
.274,.067
-.05,.005
-.035,.013
-.109,.008
2.071,.463
-77.67700000000001,3.873
.099,.007
-.115,.009
.041,.024
.07,.017
4.861,.958
.186,.028
1.0412,.5141
3.5196,.7916
.0274,.0158
.0536,.0234
.0581,.0219
1.3016,.501
.0272,.011
4.7903,2.4252
.0485,.0219
.0341,.0165
.0626,.0231
.0197,.011
-2.818,4.641
-.162,.041
-4.664,4.59
.242,2.899
.015,.026
-.174,.057
-25.286,4.659
-.066,.038
-7.763,7.298
-5.503,3.926
-.028,.035
-40.053,6.958
-.044,.04
-23.519,4.953
-.105,.068
3.321,3.266
-.093,.063
-24.168,6.956
-.143,.043
.038,.029
-16.584,7.272
-.338,.067
-.005,.034
-9.645,4.317
-.056,.069
-.175,.05
-5.739,7.056
-.143,3.743
-.252,.067
-.004,.034
-29.165,6.029
-.031,.03
-3.328,3.909
-28.324,6.571
-.028,.04
-5.842,3.473
-.031,.069
-.169,.068
-10.188,7.064
-5.064,8.353999999999999
-.478,.491
.632,.318
.251,.123
.082,.181
.057,.062
.266,.34
.455,.345
.012,.095
.14,.06
.115,.059
.101,.075
.382,.221
.221,.107
.181,.154
.078,.106
.009,.101
.084,.12
.179,.062
.211,.341
.018,.083
.254,.109
.3021,.09
.184,.084
.19,.065
.067,.076
.045,.086
.076,.037
.157,.112
.084,.05
.029,.101
.074,.052
.152,.08
.064,.087
.225,.112
.249,.11
.211,.097
.17,.075
.343,.173
.023,.091
.208,.104
.135,.177
.059,.187
.13,.116
.045,.081
.086,.082
.005,.094
.237,.149
.185,.092
.042,.075
.082,.123
.09,.066
.144,.091
.626,.371
.143,.061
.223,.091
.041,.094
.145,.098
.012,.097
.002,.077
.101,.0701
.119,.062
.123,.104
.269,.654
.138,.103
.139,.066
.176,.065
.161,.132
.182,.058
.134,.178
.131,.108
.005,.1
.06,.056
.121,.526
.221,.138
.035,.067
.08,.088
.033,.051
.366,.146
.316,.143
.038,.1
.3054,.099
.09,.069
.236,.107
.032,.409
.159,.1
.327,.103
.07,.051
.138,.103
.289,.132
.05,.065
.053,.112
.029,.049
.079,.053
.053,.102
.095,.061
.235,.129
.166,.091
.016,.086
.24,.118
.37,.419
.092,.047
.134,.062
.22,.269
.2,.157
.138,.114
.19,.371
.17,.306
.189,.134
.097,.063
.186,.162
.321,.137
.183,.077
.121,.081
.262,.13
.454,.231
.129,.054
.149,.091
.162,.099
.064,.071
.158,.15
.229,.328
.202,.062
.214,.132
.121,.091
.007,.092
.06,.056
.066,.103
.232,.096
.183,.106
.152,.062
.008,.051
.224,.12
.006,.094
.089,.082
.173,.091
.15,.152
.125,.072
.086,.11
.086,.044
.116,.379
.143,.086
1.073,.673
.008,.087
.151,.135
.339,.291
.176,.065
.038,.086
.114,.05
.051,.181
.064,.092
.057,.108
.068,.045
.058,.068
.296,.161
.111,.118
.188,.093
.317,.197
.26,.102
.031,.103
-.0161,.00754
.00648,.00464
-.00789,.0104
-.0142,.00848
.00221,.00399
.236,.0848
.282,.0768
-.0122,.0108
.321,.18
-.0219,.0109
.00673,.00725
.226,.0814
.232,.0887
-.017,.00539
.00525,.00581
.374,.135
.296,.161
.26,.145
-5.504,1.104
-4.203,.729
-5.544,.982
-5.131,.9
-5.366,1.125
-5.434,1.001
-3.916,.671
-4.681,1.2
-5.692,1.197
-5.171,.911
.029,.008
.026,.009
.036,.007
.024,.008
.033,.01
14.9728,36.417
.9068000000000001,.072
-106.1626,73.28400000000001
.3125,.213
-76.4374,60.799
.4126,.215
-141.6735,115.038
.133,.149
-.0234,.202
-202.5769,134.68
59.3251,82.34699999999999
.9601,.072
.97,.065
.1289,.275
65.60769999999999,42.471
.9699,.065
146.5227,49.681
.1585,.11
-97.50539999999999,71.899
-.028,.198
58.9766,58.852
.0616,.182
.4236,.217
.0365,.188
.9166,.057
-96.08199999999999,91.52
3.6364,20.485
.2104,.386
.2597,.253
107.1296,127.084
150.1284,49.136
.1283,.09
97.3147,117.164
-.2401,.206
-77.74339999999999,83.438
-36.9936,28.019
-75.13590000000001,60.766
.906,.096
88.9058,55.164
.1875,.402
66.56319999999999,42.251
-.0367,.083
40.3344,26.535
.5042,.265
-55.2324,99.761
54.0848,33.402
-.2187,.192
89.14790000000001,48.203
.798,.072
140.0032,146.221
-.2832,.162
.913,.057
2.5098,26.898
.0495,.184
-.0082,.055
-.5206,.481
-36.916,27.684
185.8348,77.161
.6397,.27
-.2931,.165
-.0194,.057
-25.6443,141.976
.2348,.382
-.2189,.204
-64.5288,36.37
-.2414,.164
.0276,.063
5.5805,20.454
.2701,.154
.3075,.347
-.0192,.16
-154.2284,117.486
.122,.091
.1342,.105
-1.9305,27.132
.1365,.146
102.7859,128.53
-2.0413,27.341
.5107,.0262
187.8086,62.396
.347,.041
.106,.02
.092,.04
.267,.038
.0476,.02
-2.0579,.6347
.52,.01
2.24,.11
.163,.064
.2974,.5570000000000001
2.92,.097
2.94,.479
.009,.004
2.01,.541
.189,.029
.409,.204
.774,.705
.124,.023
1.54,.285
.06,.012
.007,.006
.036,.006
.059,.008
.0036,.005
4.74,.843
.953,1.72
6.56,1.55
.157,.03
2.04,.723
3.33,.115
.897,.237
.215,.115
1.49,.575
.401,.096
.971,.316
1.47,.62
1.62,.181
1.34,.4
.004,.012
.066,.046
2.03,.204
1.57,.547
.004,.009
3.04,.661
.405,.113
1.11,.162
4.04,1.23
.346,.098
.32,.07
.75,.22
.135,.058
.65,.19
.7,.16
.05,.05
.14,.09
.17,.04
.41,.2
.019,.02
.24,.09
.21,.06
.05,.11
.206,.098
.254,.104
.164,.086
.08,.1
.05,.014
1.21,.31
.89,.24
.22,.1
.24,.047
.83,.22
.63,.11
.092,.05
.22,.08
.504,.077
.48,.08
.96,.26
.53,.14
.46,.08
.17,.05
.046,.044
.29,.09
.196,.065
.61,.11
.52,.11
.064,.107
.71,.23
.16,.11
.095,.115
.203,.189
.2,.06
.15,.09
.14,.06
.14,.08
.06,.018
.29,.11
.1,.07
.82,.2
.22,.06
.49,.15
.008,.087
.73,.18
.19,.05
.104,.135
.25,.09
.08,.04
.6,.17
.129,.04
.295,.155
.024,.019
.54,.22
.016,.036
.93,.22
.37,.08
.44,.13
.176,.085
.428,.168
1.06,.65
-.323,.145
7.748,1.978
-.0391,.018
.000767,.00562
.0251,.00805
-.00959,.00769
-.000646,.00594
7.585,1.986
-.0288,.0151
.00971,.00477
-.347,.166
8.003,3.485
.0147,.0067
-8.486000000000001,3.279
.839,.412
.5580000000000001,.295
.724,.4
.71,.116
.646,.04
.862,.16
.363,.163
.842,.08
1.21,.128
1.154,.14
.589,.035
.918,.176
.499,.051
.711,.035
.578,.04
.514,.038
.71,.072
.6870000000000001,.078
.909,.069
.186,.198
.772,.174
.711,.035
.694,.043
.668,.049
.598,.036
-.05,.019
.026,.037
.04,.017
.038,.034
.046,.069
-.075,.048
-.016,.077
.089,.044
.033,.015
-.057,.026
-.013,.016
.016,.014
.002,.005
.018,.01
.01,.006
.304,.049
.013,.01
.058,.007
.363,.064
.037,.015
.024,.013
.039,.009
.057,.012
.0007,.008
.314,.043
.46,.007
.249,.034
.002,.012
.059,.012
.035,.015
.032,.019
.007,.008
.072,.01
.039,.008
.01,.006
.026,.01
.037,.009
.003,.01
.82,.01
.388,.054
.308,.037
2.678,1.042
2.206,.76
-1.74,.8110000000000001
1.4,.662
1.262,.569
3.03,.836
26.2,11.5
4.31,1.77
15.2,10.4
5,1.87
3.64,1.55
.519,.179
.797,.294
41.65,41.32
.82,.79
1.33,.5
.1,.49
1.44,1.26
4.93,9.289999999999999
.07,.28
5.5,2.75
.14,.24
.23,.17
.79,4.41
.19,1.21
.2,.91
1.17,.6899999999999999
1.23,.35
1.48,.61
1.2,.46
1.24,.4
.74,.76
.52,5.11
.53,.27
.82,.36
.03,.28
.08,.19
.28,.25
23.05,33.81
.92,.5
.67,4
2.56,.54
3.33,7.2
.67,.31
.48,.37
1.06,.33
114.08,215.91
46,146
.09,.34
.4,.55
.38,.2
.06,.29
1.08,.37
.21,.47
1.24,.3
.43,.27
.44,.25
.32,.17
.89,.39
.22,.2
.54,.41
.97,.39
.06,.25
.14,.24
.79,.32
.37,.31
.26,.26
.18,.24
.0202,.0134
.589,.0099
.3683,.0119
.2913,.0306
.6182,.0132
.5709,.01
.6344,.0124
.3484,.0117
.9383,.0329
.8751,.0281
.3672,.0112
.2288,.0101
.114,.049
.531,.195
.411,.187
.096,.224
.171,.091
.246,.145
.35,.185
.404,.221
.091,.039
.534,.016
.226,.112
.87,.373
.095,.031
.108,.013
.321,.172
.183,.099
.345,.149
.106,.046
.319,.117
.329,.137
.287,.102
.275,.139
.451,.009
.033,.021
.645,.244
.273,.093
.071,.1632
.154,.081
.083,.193
.755,.302
.299,.168
.146,.076
.058,.131
.342,.131
.384,.17
.371,.204
.34,.127
-.088,.049
-.023,.032
-.139,.054
-.045,.028
.119,.06
-.05,.059
.306,.164
0,.027
.004,.03
.769,.341
25.0209,5.9217
1.1092,.2516
.7097,.2749
.3264,.1704
.3833,.1785
2.797,1.3113
.0147,.2361
4.9649,2.0914
.2955,.1959
4.0966,2.3567
.8929,.3508
1.9884,.4258
.9233,.3505
.1353,.1122
2.1679,1.3839
10.3401,3.5911
.6381,.6156
.6278,.2505
.3363,.4172
91.604,25.373
130.03,64.27800000000001
124.907,36.827
94.118,78.483
58.551,46.795
98.592,72.41200000000001
-.405,.217
-.503,.208
-.544,.177
.582,.247
.747,.169
-.664,.25
-.032,.119
.645,.133
.632,.248
-.036,.123
-.117,.149
.55,.267
-.118,.115
-.061,.122
-.632,.225
-.429,.233
.031,.122
.364,.033
-.03,.008
-.024,.008
.244,.033
.116,.036
.193,.026
.08,.023
.173,.023
.384,.034
-.254,.044
.11,.036
.21,.026
.105,.036
-.211,.044
-.061,.036
-168.325,83.202
-.498,.121
.0026,.0051
-.0022,.0033
.0098,.0042
.0032,.0022
.0084,.0035
.006,.0037
.0084,.005
.0142,.0048
.0084,.0035
-.004,.003
.0094,.0036
0,.0007
-.0046,.0042
.0087,.0035
-.0082,.003
.0067,.0029
.0099,.0036
.0031,.003
.008,.0034
.0087,.0035
-.0014,.002
-.0066,.0037
-.0015,.0018
.0011,.0031
.0112,.0041
-.0015,.0028
.0007,.0009
.0092,.0031
.0181,.005
.007,.0039
.0081,.003
-.0049,.0046
.0021,.0028
.0061,.003
.135,.083
.176,.059
.188,.059
.142,.037
9.936999999999999,4.36
.599,.201
10.06,5.634
8.856999999999999,4.709
.471,.214
.594,.186
-1.62,.6899999999999999
-.03,.008
-1.41,.6
-1.18,.45
-.37,.15
-.35,.13
-.28,.1
.0016,.004
-.7,.9
-.87,.89
-.041,.01
-1.34,.44
-.3,.1
.0036,.007
.704,.891
1.893,.664
.317,.085
.093,.038
.496,.094
.404,.076
.01,.106
.491,.097
.357,.063
.056,.044
.007,.086
.53,.116
-.705,.12
2.177,.22
-1.899,.214
.517,.059
-.37,.056
-.5610000000000001,.078
.604,.093
.341,.091
-.075,.041
-.1,.054
-.13,.06
-.075,.024
-.069,.025
-.12,.032
-.08,.025
-.076,.026
