19.9,5.87
31.8,7.9
61.4,17.6
.62,5.73
15.9,6.16
2.09,6.42
9.630000000000001,6.84
1.81,6.3
72.40000000000001,22.1
14.7,7.84
15,5.91
54.5,6.25
29.3,6.67
54.7,7.54
99.41,18.7
46.6,7.61
45.4,7.214
2.21,9.76
25.3,5.79
80.59999999999999,21.4
83.40000000000001,16.9
77.59999999999999,9.94
26.8,4.84
13.6,5.4
44.8,8.93
44.6,7.99
2.74,5.963
2.72,8.76
28.8,6.36
7.33,7.98
.31,5.74
5.86,17
9.039999999999999,8.32
50.7,12.7
32.4,5.24
33.8,5.62
3.99,7.51
54.7,11.1
1.32,6.42
33,7.48
18.2,5.92
39.9,9.32
18.5,5.02
35.3,5.95
22.4,7.22
24.9,9.539999999999999
29.1,4.57
27.8,9.93
31.4,5.79
6.17,6.91
56.87,15.1
1.11,5.35
34.6,7.62
6.72,7.57
9.73,7.04
17.1,6.01
21.9,5.04
32.3,6.18
97,22.4
1.27,5.74
1.44,4.87
18.7,5.65
86.3,26.7
4.75,6.32
35.8,5.3
106.4,25.6
2.11,4.79
76.2,12.8
29.7,4.86
2,4.31
43.7,8.363
28.8,6.26
67.40000000000001,12.7
63.7,14.9
23.6,6.28
18.6,7.39
27.8,12.4
15,4.07
21.1,6.1
33.4,5.98
22.7,7.49
22.5,8.869999999999999
7.27,8.789999999999999
37.2,5.76
4.84,5.5
1.1,9.029999999999999
.15,7.32
44.36,17.5
4.71,6.4
28.8,7.85
57.4,16.6
63.9,15.8
1.7,7.43
.67,6.89
73.59999999999999,16
64,8.85
45.5,9.98
63.4,10.4
51.3,9.050000000000001
1.51,6.39
1.36,8.890000000000001
2.98,6.374
43.9,7.59
42.3,8.15
16.34,4.46
42.1,5.64
13.5,5.54
65.3,11.5
5.91,6.54
36.3,7.32
69.7,14.8
24.4,3.59
51,7.43
16.9,4.9
101,22.9
.32,6.64
4.46,6.1
6.89,7.92
90.2,21.3
1.95,4.49
.11,5.34
30.8,7.71
4.73,6.62
4.71,6.58
25.2,4.24
37.2,7.75
55.2,8.109999999999999
32.3,4.77
5.06,8.380000000000001
34.8,6.46
2.11,6.05
.26,15.9
25.2,18.5
55.5,7.51
5.98,8.33
1.41,.8245614
1.09,.62643678
2.56,.64810127
3.95,.66241825
.5600000000000001,.02036364
.5600000000000001,.02047532
.5600000000000001,.02046036
4.31,.64232489
1.96,.77165354
4.35,.61527581
.6899999999999999,.6969697
2.92,.71744472
4.7,.80895009
1.87,.48195876
5.21,.84304207
2.59,.64427861
2.25,.51963048
1.46,.62660944
1.79,.7920353999999999
3.13,.8025641
1.06,.61627907
1.23,.60891089
2.89,.71007371
.5600000000000001,.02676864
1.33,.60454545
2.25,.52204176
7.58,.72397326
1.62,.63779528
7.81,.75096154
.55,.71428571
.38,.71698113
1.76,.78923767
4.79,.9410609
3.94,.65886288
1.86,.47938144
1.62,.63035019
1.16,.64088398
1.92,.78367347
.36,.70588235
1.16,.63387978
.014,.011
1.9,6.7
.098,.048
.038,.093
5.4,16
.044,.024
.189,.056
.036,.026
.051,.124
.026,.068
23.4,16.7
12.5,24.1
.6,6.8
.006,.008
.001,.005
.087,.171
.105,.035
10.1,16.5
.033,.04
12.8,17.5
13,22.3
.037,.028
.022,.02
.06,.078
.019,.022
10.3,16.1
.06,.112
.048,.09
4.9,9.300000000000001
.194,.071
.009,.036
.145,.063
.095,.056
.014,.04
.045,.032
.04,.131
.011,.152
.007,.027
.034,.105
.019,.05
.011,.013
.118,.051
3.4,11.8
.023,.019
2.6,16.3
1.8,7.6
7.8,20.4
.154,.051
.05,.179
.025,.041
.041,.132
21.1,19
.153,.071
1.2,10.9
.008,.038
.021,.018
.013,.013
.002,.108
.002,.033
10.1,12.6
13.5,16.7
.5,15.3
3.2,10.9
.06,.075
.113,.076
.48,.041
.195,.069
.017,.044
.655,.054
.367,.045
.088,.041
.07,.038
.23,.059
.502,.048
.732,.082
.304,.033
.008,.049
.636,.036
.5600000000000001,.07
.46,.041
.062,.063
.19,.052
.511,.102
.053,.063
.047,.047
.013,.089
.037,.042
.062,.064
.071,.076
.057,.054
.086,.031
.358,.064
.61,.108
.865,.042
.498,.064
.389,.106
.024,.057
.026,.071
.125,.091
.316,.056
.062,.094
.02,.102
.213,.051
.467,.092
.108,.039
.342,.073
.48,.09
.361,.077
.5580000000000001,.076
.1,.062
.093,.05
.079,.034
.034,.077
.6889999999999999,.104
.048,.09
.846,.029
.257,.054
.03,.015
.039,.02
.027,.013
.04,.018
.036,.014
.035,.018
.033,.014
.002,.1
1.477,1.01
.045,.08
5.153,5.11
11.676,8.08
.005,.00049
3.971,3.16
.04,.03
.001,.08
3.883,.605
.081,.47
2.207,1.97
.506,.104
1.951,.671
.008,.46
2.023,1.78
.023,.05
.193,.19
.349,.79
1.138,8.31
5.337,4.73
.034,.019
0,.04
20.117,2.795
.006,.01
.015,.02
21.128,23.06
.016,.02
3.608,7.24
0,.063
.037,1.46
.015,.02
1.706,3.82
.622,2.72
.056,.12
1.893,.923
1.326,5.81
.071,.06
.131,.18
.05,.12
.019,.05
.002,.02
.001,.01
6.359,.709
.438,.236
.015,.01
.468,.45
1.031,2.07
.017,.04
.001,.07
11.731,11.61
.23,.53
.387,.188
.008,.07
0,.02
.416,.84
.882,.428
.003,.01
.01,.03
.125,.13
1.849,1.47
.012,.01
0,.031
.28,.163
3.653,1.992
.273,1.2
2.447,17.87
.007,.002
.154,.28
25.139,24.93
1.418,.95
.037,.05
.061,.13
.006,.05
18.411,16.26
.236,.048
13.441,7.56
.585,.39
.006,.01
9.403,1.424
.055,.08
.09,.2
4.955,3.32
.015,.02
.003,.02
.007,.01
.037,.04
.192,.42
32.482,4.866
0,.013
0,.03
2.743,1.544
24.524,11.903
.001,.01
.018,.03
.795,1.78
11.38,5.53
4.727,1.619
.8129999999999999,.65
.015,.61
4.3631,4.75
.302,.21
.414,.37
.502,3.68
0,.01
.004,.22
8.869999999999999,1.27
.016,.02
.02,.05
3.372,2.36
.053,.06
9.842000000000001,10.73
.033,.03
.004,.01
.016,.04
1.391,.98
.6879999999999999,.47
16.33,5.696
.035,.11
1.622,1.55
43.146,6.089
.033,.03
1.059,.57
6.25,3.503
.169,.074
.079,.034
.104,.022
.007,.02
.035,.015
.9429999999999999,.83
.048,.11
4.98,2.44
1,4
219,204
328,547
155,88
1,2
411,195
1489.33,1899.37
1982.18,2451.91
248,123
340,860
113,65
213,120
224,193
667,320
708,2002
1379.11,1519.03
1068,549
5533,6456.68
49,569
2802.47,2596.98
1,3
9316,6111
115,49
554,311
170,192
9023,6130
9,5
5377.83,6487.07
93,51
207,188
10,2
7,2
153,87
258,112
290,540
3102.88,3009.16
2,2
107471.41,7446.21
458,845
2,2
1024,2214
17,538
10515.93,7379.64
2318.39,2448.78
.09,.03
520,874
296,841
185,117
387,204
9,4
7,3
1026,524
1,4
104,65
71,29
3,6
10,16
1,26
83,98
24,5
43,21
82,95
49,36
8,24
85,31
7,43
34,17
50,84
75,30
5,11
3,76
9,22
39,43
113,88
4,9
59,27
35,24
100,56
59,56
44,25
17,60
12,15
52,26
6,26
1,12
191,98
82,58
139,110
115,102
101,69
75,44
76,21
51,59
35,17
4,64
5,19
16,17
22,9
207,117
37,17
33,20
33,15
19,25
156,86
18,15
115,107
11,20
126,47
273,113
17,31
14,20
79,75
75,24
5,21
100,57
16,47
77,100
24,28
52,19
33,15
50,29
51,25
29,26
7,16
17,26
95,114
201,81
29,29
10,178
41,65
19,11
87,86
66,77
24,16
55,22
175,122
26,27
184,108
13,8
105,60
18,21
70,26
33,21
7,83
30,17
42,23
75,44
28,43
78,57
76,65
53,15
4,20
62,98
193,104
58,29
22,22
69,22
89,69
87,87
38,24
49,56
36,31
63,73
14,24
10,17
8,18
175,88
45,19
6,65
58,25
2,76
4,18
99,67
1,82
29,22
48,28
190,69
12,33
57,22
172,83
6,22
48,128
41,108
63,101
32,31
112,55
129,71
19,14
202,97
15,20
89,44
15,33
2,82
11,15
42,18
28,9
95,43
52,21
107,69
11,6
168,71
114,57
36,91
10,10
53,18
24,27
2,22
20,90
206,144
75,29
13,25
18,148
12,21
8,25
20,133
115,141
41,87
13,24
5,8
157,11
101,84
21,18
4,30
81,54
24,32
26,26
100,67
94,54
3,40
45,74
197,104
185,75
37,72
10,11
6,22
37,20
24,46
70,25
57,70
7,44
25,20
14,15
36,32
34,19
149,65
111,46
7,21
112,88
122,61
207,111
20,574
65,45
24,76
109,69
12,60
2,18
8,60
12,15
71,29
76,68
24,44
29,88
49,81
19,26
158,90
52,87
21,29
68,55
9,28
177,118
6,94
24,8
45,25
52,154
62,58
40,12
106,87
104,61
12,15
29,87
186,65
42,33
104,51
20,21
30,23
4,33
203,59
20,14
194,252
58,92
8,17
110,67
0,16
21,30
27,26
10,15
43,37
65,23
19,26
30,63
96,85
34,39
137,89
19,30
14,59
36,29
50,15
75,24
11,22
5,6
54,37
83,29
39,18
.072,.042
.079,.033
.168,.059
.103,.035
.122,.052
.6879999999999999,1.05
7.899,2.662
.055,.032
.048,.035
2.236,.506
9.382,2.904
.124,.046
.262,.221
.087,.074
.033,.063
.117,.043
8.714,2.692
1.9258,.282
.039,.035
.012,.019
.094,.038
1.9,.457
.175,.07
.06,.033
.018,.062
.46,1.223
.025,.019
.657,.191
.003,.044
.1,.082
.03,.026
.042,.036
.05,.04
.093,.035
3.058,.594
2.684,2.023
.013,.009
.012,.06
1.726,.499
.043,.036
2.125,2.111
4.404,.605
.048,.022
.144,.6899999999999999
.105,.046
3.583,1.926
1.586,.418
.012,.099
2.017,.467
.916,.328
1.115,.422
.086,.038
1.105,1.041
.108,.045
.008,.022
2.653,2.136
.061,.034
.162,.062
.045,.035
.039,.038
.573,.238
1.88,1.45
.101,.044
.001,.065
.021,.035
.64,.184
7.057,2.308
0,.023
.054,.025
.002,.013
.01,.055
.077,.03
0,.022
.006,.023
.001,.028
.158,.114
.003,.041
.123,.116
.044,.019
.074,.11
.001,.011
.037,.038
.021,.013
.033,.033
.039,.142
.022,.061
.036,.027
.058,.054
.082,.091
.033,.027
.019,.073
.016,.018
.038,.069
.074,.049
.012,.023
.026,.039
.042,.04
.027,.032
.043,.036
.007,.034
.033,.029
.03,.08
.037,.023
.009,.02
.04,.019
.041,.047
.088,.08
.011,.021
.013,.023
.004,.126
.018,.031
.022,.033
.043,.101
.067,.071
.004,.022
.079,.037
.012,.032
.001,.037
.075,.059
.019,.015
.011,.053
.064,.036
.035,.023
.006,.016
.037,.035
.092,.049
.017,.012
.03,.026
.037,.029
.004,.059
.008,.065
.007,.044
.057,.058
.059,.062
.049,.035
.007,.01
.017,.039
.021,.029
.036,.016
.132,.076
.046,.029
.069,.049
.056,.065
.028,.072
.022,.031
.105,.159
.097,.102
.003,.014
.028,.057
.014,.01
.074,.081
.006,.014
.111,.102
.032,.056
.105,.063
.017,.044
.03,.04
.053,.036
.014,.024
.07,.109
.017,.033
.011,.017
.045,.048
.042,.026
.076,.081
.131,.058
.067,.062
.041,.041
.01,.072
.02,.013
.032,.02
.087,.064
.045,.09
.044,.038
.013,.036
.073,.059
.027,.039
.027,.022
.006,.009
.006,.025
.181,.127
.02,.033
.045,.035
.037,.056
.015,.018
.006,.033
.075,.098
.009,.027
.02,.038
0,.048
.128,.058
.122,.084
.007,.055
.009,.017
.037,.023
.014,.028
.006,.035
.008,.016
.035,.049
.012,.029
.006,.037
.084,.075
.043,.044
.001,.032
.062,.062
.015,.052
.092,.089
.015,.015
.016,.038
.044,.092
.061,.057
.013,.028
.026,.03
.11,.116
.011,.045
.074,.043
.007,.053
.109,.058
.024,.035
.007,.065
.007,.043
.007,.035
.012,.018
.017,.069
.042,.069
.167,.085
.003,.017
.05,.11
.14,.04
.23,.06
1.05,.11
.02,.03
.57,.18
.06,.05
.14,.03
.58,.12
.51,.14
.06,.05
.02,.02
.16,.03
.37,.11
.11,.03
.13,.08
.19,.03
.22,.06
.67,.21
.35,.07
.23,.07
.38,.1
.28,.07
.53,.11
.08,.03
.114,.0476
.13,.04
.74,.11
.33,.06
.48,.1
.01,.03
.11,.05
.294,.162
.54,.1
.19,.09
.44,.08
.06,.02
.02,.02
.38,.07
.0394,.0772
.15,.02
.55,.09
.82,.12
.41,.1
.23,.06
.0178,.0446
.17,.04
.97,.13
.53,.13
.57,.1
.5600000000000001,.08
.1,.08
1.09,.21
.239,.175
.05,.02
.09,.03
.15,.03
.19,.07
.4,.25
1.04,.22
1.09,.18
.34,.08
.03,.01
.36,.07
.55,.08
.08,.07
.24,.04
.47,.1
.26,.08
.035,.133
1.11,.11
.28,.04
.02,.03
.33,.28
.09,.2
.1,.05
.29,.08
1.41,.2
.337,.179
.18,.03
.67,.14
.19,.05
.31,.09
.02,.07
.63,.18
.28,.07
.72,.09
.26,.08
.01,.01
.89,.19
.11,.1
.8100000000000001,.17
.2,.05
.07,.07
.22,.05
1.11,.024
.02,.14
.22,.09
.14,.03
.62,.08
.1,.03
.0805,.103
.126,.06
.025,.024
.13,.0728
.025,.041
.145,.063
.233,.126
.162,.0858
.0461,.043
.0594,.109
.05,.086
.13,.106
.073,.098
.0413,.0331
.0745,.236
.05,.094
.175,.0962
.05,.034
172,368
.157,.0481
45.6,185.7
.124,.333
536,587
498,419
803,350
3.343,7.791
111.3,56.44
1436,468
.0166,.0691
95.97,76.22
84,169
109,43
29.36,60.67
.178,.0464
5.047,7.913
4.093,7.705
59.89,21.93
509.4,183.8
7.756,10.88
83.38,32.89
11.28,7.079
534,262
46.65,35.01
365.1,180.7
.171,.302
3.238,10.13
.119,.0643
11.89,8.077
.0836,.0599
.183,.0619
35.85,41.41
64,194
153.1,152.4
.252,.292
4.365,1.048
6.962,6.069
4.331,8.933999999999999
3.275,1.045
74.69,70.59
.139,.0402
45.96,35.01
3.26,1.155
1780,968
105.8,32.52
167.9,192.2
.0817,.0528
165,250
830,308
309,398
48.37,51.78
74.97,117
1425,431
671,346
3.72,1.647
.00842,.0184
8,224
.441,.14
546,6360
43.57,186
2555,2025
3204,1095
1.661,.582
383,644
39.08,28.46
6.577,39.86
.0542,26.29
595,681
7.323,7.797
718,369
108.4,27.21
435,325
71.33,48.14
210,381
19,9
5144,1866
5.381,1.946
288,375
301.5,125.5
284,276
332,167
16.69,71.63
2928,936
95,42
55.96,18.83
2.336,160.1
.132,.33
116,70
.101,.0346
63.63,66.62
90.09999999999999,71.90000000000001
.0751,.0412
10.74,35.86
543,346
8.662000000000001,4.784
143.5,57.33
147,45
.115,.0366
76.67,37.81
29.75,25.04
441,666
5,9
7,48
.038,.051
12,62
8,53
4,35
.046,.054
.046,.053
0,.056
20,60
40,57
25,69
37,63
5,58
56,51
2,34
22,68
.086,.034
.017,.009
10.259,7.645
.098,.062
.038,.075
.044,.075
.554,.278
.071,.067
.036,.079
.046,.086
.135,.298
5.845,6.795
.067,.067
.023,.068
.007,.007
.051,.085
.128,.082
.284,.303
.017,.009
.012,.064
.041,.056
.122,.066
.051,.057
.013,.009
.109,.029
.115,.104
.051,.071
.003,.067
.062,.082
.021,.045
.254,.24
.043,.085
.09,.076
17.727,6.534
.061,.081
.046,.063
.088,.024
4.597,7.963
.055,.062
.084,.034
.294,.075
.105,.056
.183,.087
1.233,.137
.041,.079
.902,.233
.048,.06
.114,.077
.004,.022
.003,.008
.019,.071
.031,.069
.252,.078
1.552,.112
.085,.072
.026,.081
.167,.291
.335,.29
.005,.027
.105,.034
.036,.073
.07,.07
.038,.076
.014,.011
.097,.077
.042,.051
.125,.067
.083,.027
.04,.074
.013,.081
.092,.08
.052,.067
.051,.091
.267,.074
.002,.028
.097,.061
.294,.073
.124,.06
.104,.101
.104,.064
.0012,.07
.555,.279
.126,.067
.07,.066
.031,.066
10.892,5.318
.004,.029
1.589,7.624
.081,.071
10.989,6.725
.065,.051
.018,.083
.008,.075
.172,.082
.098,.079
.104,.081
.059,.066
.004,.078
.075,.027
4.414,6.324
.043,.072
.094,.083
.016,.011
.002,.067
.018,.079
.081,.089
.067,.065
.996,.277
.083,.065
.027,.055
.012,.061
.1,.069
1.492,.138
.324,.292
.11,.067
.081,.075
.028,.075
1.237,.137
7.426,6.534
.088,.062
.043,.052
.046,.057
.015,.085
12.428,5.512
.164,.077
.132,.066
.005,.072
.101,.075
.088,.072
.023,.067
.004,.008
.088,.084
.063,.06
.007,.006
.033,.088
10.515,4.35
.014,.024
.045,.076
.078,.028
.085,.035
1.205,.286
.0149,.028
.134,.069
.072,.053
.013,.068
.092,.023
.185,.071
4.722,5.364
.028,.067
.039,.065
1.049,6.514
.138,.066
.069,.041
.013,.009
.099,.058
.014,.029
.064,.031
.058,.051
.023,.078
.024,.059
.007,.01
1.246,.113
.056,.085
.036,.049
1.006,.27
.044,.055
.02,.074
13.418,5.19
.046,.067
.084,.071
.261,.08
1.214,.281
.022,.073
.034,.085
.063,.061
7.667,6.815
.258,.073
.018,.078
.087,.058
.925,.23
.097,.031
.02,.084
.03,.012
.052,.049
.005,.092
.122,.053
.003,.008
.09,.03
.059,.068
.047,.043
.102,.096
.064,.072
.134,.074
.021,.065
1.554,.135
.002,.071
.115,.086
.107,.059
.115,.065
1.612,.14
.031,.014
.046,.091
.056,.074
.005,.008
.097,.031
.046,.056
.052,.063
.012,.061
.082,.081
6.76,5.39
.005,.01
.103,.049
.018,.059
.044,.053
.261,.238
.065,.031
.064,.065
.001,.07
1.272,.143
.077,.027
.054,.036
.111,.099
.301,.305
.078,.073
.045,.024
5.15,.402
5.233,.363
.344,.16
4.467,.755
.042,.026
.2,.11
.151,.055
.03,.01
.029,.01
.08,.033
.071,.021
.182,.111
.09,.032
4.293,.603
.369,.11
.325,.12
.4,.161
.063,.024
.158,.053
748,141
755,156
814,502
407,213
1074,295
593,144
948,221
582,84
650,66
668,71
1023,499
1026,466
831,225
662,129
845,424
794,169
812,107
551,167
659,68
511,124
777,90
829,177
527,158
329,161
.004,.013
.04,.05
.039,.011
.057,.037
.01,.024
.025,.022
.304,.024
.02,.017
.02,.008
.009,.004
.072,.022
.02,.019
.03,.026
.02,.022
.018,.014
.14,.05
.005,.006
.01,.02
.017,.024
.05,.049
.07,.048
.03,.011
.016,.013
.014,.016
.03,.023
.001,.021
.074,.023
0,.014
.02,.02
.01,.057
.04,.034
.026,.069
.02,.018
.04,.024
.006,.01
.026,.021
.07,.021
.011,.012
.05,.017
.04,.024
.1,.051
.04,.018
.02,.026
.03,.025
.002,.005
.04,.018
.01,.023
.03,.016
0,.02
.012,.015
.001,.015
.04,.052
.04,.05
.03,.016
.06,.053
.319,.023
0,.004
.126,.042
.407,.024
.034,.022
.012,.053
.02,.051
.075,.02
.02,.019
.025,.012
.088,.027
.069,.03
.194,.047
.075,.058
.245,.089
.229,.082
.134,.029
.183,.058
.072,.024
.069,.036
.168,.053
.221,.049
.055,.031
.281,.048
.12,.025
.125,.035
.302,.06
.174,.057
.203,.066
.063,.024
.248,.058
.032,.001
.014,.017
.088,.027
.105,.061
.155,.058
.104,.041
.094,.032
.244,.059
.22,.059
.168,.079
.232,.063
.049,.027
.284,.082
.16,.04
.021,.013
.5639999999999999,.168
.05,.02
.07,.02
.55,.04
.5600000000000001,.026
.89,.1
.005,.024
.03,.06
.06,.02
.029,.036
.05,.02
.13,.02
.03,.01
.09,.02
.09,.04
.06,.05
.04,.03
.055,.041
.4,.26
.16,.03
.04,.01
.05,.02
0,.05
.03,.03
.9399999999999999,.08
.01,.01
.03,.02
.001,.03
0,.02
.01,.026
.01,.02
1.03,.05
.08,.06
.01,.01
.09,.02
0,.01
.01,.01
.23,.35
.06,.02
.05,.02
.04,.03
.6899999999999999,.32
.08,.04
.004,.026
.03,.03
.08,.04
.09,.02
.44,.08
.92,.08
.17,.02
.023,.033
.13,.02
.05,.03
.02,.039
.03,.02
.43,.09
3.016,.253
.039,.032
.02,.058
.08,.027
.031,.048
.048,.067
.0074,.055
.012,.037
.005,.07
.124,.033
.109,.052
.062,.049
.089,.067
.048,.046
.073,.056
.028,.045
.058,.048
.005,.057
.117,.05
.021,.062
.0345,.056
.035,.056
.124,.032
.142,.038
.105,.041
.111,.036
.117,.021
.076,.022
.064,.036
.036,.046
.133,.07
.079,.036
.052,.049
.08,.038
.117,.066
.155,.036
.018,.041
.11,.04
.132,.025
.068,.039
.07,.038
.003,.048
.096,.023
.064,.031
.05,.046
.027,.064
.059,.068
.037,.054
.047,.054
.085,.04
.037,.057
.032,.056
.0274,.046
.133,.051
.053,.072
.05,.031
.025,.061
.093,.057
.008,.068
.134,.049
.027,.068
.014,.039
.022,.038
.024,.039
.056,.031
.087,.021
.106,.021
.048,.042
.059,.023
.122,.043
.002,.065
.006,.048
.093,.024
.14,.061
.048,.053
.101,.037
.103,.039
.052,.055
.006,.053
.12,.028
.028,.04
.061,.039
.197,.218
.061,.041
.003,.039
.006,.041
.104,.025
.012,.056
.105,.212
.139,.05
.207,.052
.096,.037
.049,.074
0,.054
.051,.055
.153,.058
.02,.047
.007,.059
.016,.064
.093,.048
.042,.057
.092,.052
.013,.062
.113,.033
.125,.049
.02,.057
.03,.053
.054,.072
.127,.021
.074,.058
.1745,.049
.036,.061
0,.039
.201,.049
.12,.057
.119,.035
.132,.0501
.224,.211
.049,.051
.052,.027
.005,.049
.023,.053
.012,.059
.09,.05
.147,.041
.031,.223
.052,.064
.047,.031
.099,.022
.044,.058
.066,.032
.119,.036
.155,.067
.063,.032
.117,.035
.065,.03
.106,.022
.052,.024
.075,.027
.109,.05
.024,.053
.068,.021
.026,.049
.038,.062
.003,.135
.298,.188
.055,.054
.042,.074
.136,.064
.973,.644
.245,.079
.31,.15
.086,.0186
.232,.1
.111,.112
.194,.116
.126,.471
.033,.078
.028,.14
2.318,1.256
.136,.08
.187,.101
.54,.37
.584,.251
.022,.072
.184,.298
.075,.358
.491,.497
.134,.088
.109,.199
.054,.08
1.124,.314
.062,.192
.401,.198
.004,.05
.266,.165
.067,.06
.147,.846
1.023,.62
.053,.06
.384,.238
.004,.038
.017,.055
.03,.066
1.679,1.015
.025,.068
1.468,1.188
.074,.206
.272,.106
.052,.052
.174,.118
.038,.096
.803,.894
.047,.082
.019,.062
.208,.078
.024,.071
.014,.04
.08,.075
.034,.085
.117,.149
3.13,.978
.093,.036
.084,.042
.036,.05
.023,.031
.119,.034
.033,.02
.14,.073
.299,.072
.05,.137
.104,.021
.06,.025
.028,.031
.185,.631
.001,.04
.069,.036
.013,.036
.001,.036
.078,.032
.063,.027
.081,.097
.009,.046
.019,.028
.108,.136
.084,.035
.246,.142
.015,.098
.243,.115
.068,.089
.08,.084
.05,.031
.015,.03
.093,.036
.013,.036
.014,.043
.12,.404
.041,.091
.015,.042
.01,.033
.243,.137
.082,.038
.252,.146
.051,.042
.252,.135
.061,.085
.002,.039
.014,.067
.016,.028
.28,.073
.48,.48
.141,.034
.067,.03
.035,.056
.034,.031
.258,.135
.034,.029
.018,.052
.067,.031
.125,.023
.148,.483
.009,.077
.003,.061
.004,.062
.032,.066
.03,.078
.052,.073
.039,.081
.059,.054
.061,.074
.027,.052
.007,.052
.001,.077
.08,.06
.19,.09
.06,.11
.19,.07
.25,.1
.35,.38
.07,.06
.08,.06
.54,.14
.2,.1
.08,.08
.06,.09
.02,.07
.03,.08
.02,.1
.99,.5600000000000001
.23,.1
1.34,.55
0,.03
.44,.14
.12,.07
.01,.08
.01,.04
0,.07
.13,.07
.02,.03
.85,.41
.63,.4
.26,.1
1.8,1.3
.32,.1
.01,.05
.02,.06
0,.14
.24,.11
.58,.3
1.23,.38
.61,.5600000000000001
0,.06
.03,.06
1.12,.37
.6,.27
.08,.06
.28,.13
.02,.1
.37,.76
.02,.06
.03,.05
1.11,.46
.14,.08
.02,.04
.08,.05
.33,.13
.01,.06
.25,.11
.02,.02
.32,.16
.03,.08
0,.06
0,.03
1.94,.9399999999999999
.01,.04
.03,.03
.01,.04
.95,.3
.12,.11
.04,.08
.19,.12
.39,.16
1.03,1.26
.05,.42
1.17,.36
.15,.08
.05,.07
.23,.11
.29,.11
1,.53
.44,1.01
.18,.13
.02,.04
.062,.016
1.558,.755
.013,.024
9.372999999999999,4.068
2.19,.581
2.977,.775
1.521,57.362
.018,.033
2.432,1.223
.018,.034
19.583,46.45
.013,.024
.093,.046
2.297,1.267
.136,.059
.097,.042
13.169,5.646
9.727,4.49
9.486000000000001,4.011
124.965,101.639
40.184,31.908
.134,.059
1.548,.752
.026,.036
2.2,.57
.36,.015
.645,.366
.037,.016
.345,.31
10.291,4.345
2.963,.779
.413,.316
13.337,5.58
.6919999999999999,.354
.025,.037
.064,.017
.095,.043
.099,.045
.026,.013
.145,.013
3016,3021
.006,.025
.112,.012
.054,.031
.008,.018
.08,.07
.014,.016
470,5742
.03,.022
.05,.07
.066,.026
.176,.016
1246,1832
1224,6399
.12,.013
.002,.022
.107,.029
.099,.026
.096,.023
.013,.03
.069,.024
3106,2858
.007,.008
.006,.013
.008,.014
.03,.029
.041,.06
540,1451
.066,.021
.023,.015
.017,.016
.052,.031
.13,.029
51,1091
.113,.015
.004,.008
.057,.04
.046,.012
.181,.016
.026,.031
.06,.09
.005,.016
.028,.031
.023,.019
.108,.017
7376,7312
.027,.018
.052,.028
.008,.018
2228,2754
3413,1047
.22,.1
.11,.08
12192,14243
.008,.013
.093,.015
.005,.009
2041,949
.128,.015
.055,.018
3998,7911
.146,.018
.09,.1
5967,869
8053,4798
.009,.013
602,2930
.067,.017
.067,.039
.053,.024
.143,.018
874,3377
.007,.017
.004,.008
.015,.014
.01,.03
12496,14029
.051,.016
.047,.016
.014,.023
.008,.057
.02,.018
.163,.03
1847,1669
3308,1678
242,3233
19,1747
.007,.036
.017,.019
.13,.014
.018,.015
.003,.016
.011,.019
.026,.035
5235,8010
.048,.018
114,1384
.004,.016
.018,.014
.081,.014
.031,.025
.066,.03
.03,.024
.015,.01
.009,.014
.008,.021
.023,.02
.022,.014
.004,.003
.002,.006
.026,.01
.039,.021
.006,.012
.036,.014
.007,.014
.061,.089
.011,.009
.044,.017
.004,.013
.002,.016
.01,.01
.031,.012
.02,.02
.039,.017
.008,.022
.009,.004
0,.002
.004,.015
.037,.029
.004,.003
0,.009
.03,.017
.009,.018
.003,.003
.004,.005
.01,.004
.005,.003
.002,.006
.006,.008
0,.005
.009,.01
.051,.248
.01,.004
.025,.016
.004,.016
.013,.006
.017,.022
.096,.092
.069,.095
.021,.023
.269,.226
.014,.006
.024,.011
.053,.017
.002,.002
.001,.002
.02,.012
.004,.017
.011,.016
.012,.021
.01,.014
.006,.008
.07,.083
.003,.011
.033,.019
.032,.021
.005,.009
.01,.023
.005,.004
.002,.01
.009,.014
.008,.006
.01,.022
.027,.011
.003,.016
.011,.015
.006,.003
.007,.005
.002,.018
.001,.005
.009,.009
.012,.016
.196,.256
.011,.01
0,.006
.014,.01
0,.002
.005,.0121
.002,.002
.023,.013
.017,.021
.01,.091
.043,.08
.016,.012
.029,.021
.011,.01
.02,.089
0,.001
.03,.015
.008,.016
.001,.001
.002,.003
.009,.029
.002,.008
.001,.004
.007,.011
.001,.008
.001,.015
.015,.015
.011,.004
.001,.01
.003,.005
.004,.009
.025,.03
.002,.006
.02,.014
.001,.003
.002,.007
.004,.006
.039,.016
.001,.004
.002,.003
.017,.015
.004,.006
.002,.004
.002,.002
.014,.007
.009,.007
.003,.008
0,.001
.021,.008
.006,.002
.023,.016
.206,.091
.005,.005
.002,.006
0,.008
.006,.097
0,.005
.004,.005
.006,.013
.004,.017
.002,.006
.001,.006
0,.014
.008,.004
.005,.004
566,186
570,196
253,169
404,172
563,186
62,33
341,426
56,19
265,294
224,223
3,1
5,3
.5,1.1
39,12
.029,.015
4057,1721
63,44
.015,.01
.015,.003
6061,2167
.004,.006
3710,1942
1003,705
1448,658
171,233
3,3
.09,.01
44,36
482,192
679,262
1448,658
2,4
.014,.009
.017,.017
.015,.015
4682,1870
6,6
1050,478
476,1252
11934,5580
7,1.8
447,1342
795,103
1,4
.363,.011
1206,290
3,5
6.6,3
14,8
33,25
.0074,.003
3.1,3.1
180,89
46,47
7866,4122
28,11
2005,1210
1612,1132
2113,692
954,1267
93,94
112,169
5,4
.006,.004
5,15
5603,2452
1234,558
1.4,1.3
2005,1210
2.9,2.3
11,8
10171,3555
82,62
.02,.01
15,8
1033,1296
.019,.016
16,10
0,6
4057,1721
12,6
3,23
1,1
2,3
15774,4154
13,4
.167,.012
13,4
366,1734
.004,.008
6061,2167
0,.017
647,2701
19800,7758
.129,.017
.169,.205
356,181
.003,.007
4,3
13,34
2005,1210
.132,.011
2,1.1
.167,.012
.6,1.3
1013,1737
18,16
5,7
11,15
1263,1138
.076,.017
33,13
2453,795
.0074,.012
46,47
1050,478
6.2,1.6
4186,1334
3.16,.37
.094,.035
2.3,.37
.35,.5600000000000001
2.54,.55
.44,.76
.022,.045
2.14,.5
.054,.066
.004,.033
2.28,.36
2.29,.54
.002,.035
.078,.047
.105,.033
.49,.04
.03,.0049
.49,.04
.03,.0049
.205,.107
.027,.085
.122,.071
.123,.149
.103,.13
.214,.185
.08,.073
.01,.142
.363,.398
.113,.091
.216,.138
.02,.205
.103,.075
.151,.22
.06,.218
.745,.323
.345,.091
.165,.177
.276,.183
.292,.181
.093,.073
.163,.078
.093,.182
.155,.181
.248,.283
.078,.08
.043,.118
.138,.152
.022,.148
.064,.191
.527,.153
.037,.186
.28,.128
.18,.218
.459,.192
.175,.159
.16,.133
.805,.364
.065,.362
.269,.169
.165,.162
.062,.216
.148,.087
.032,.193
.001,.088
.516,.407
.192,.192
.047,.07
.194,.221
.13,.152
.219,.13
.119,.127
.123,.126
.045,.216
.239,.14
.003,.216
.182,.141
.149,.112
.07,.165
.101,.074
1.276,.611
.044,.123
.138,.09
.096,.171
.175,.145
.128,.144
.254,.177
2,12
18,20
16,21
2,20
6,12
3,22
28,24
8,11
14,23
17,22
14,23
10,13
8,22
16,21
3,22
9,14
10,13
2,20
18,21
18,23
17,22
13,21
34,18
10,13
21,23
25,16
35,18
15,11
18,29
33,19
19,17
22,28
18,27
13,22
0,22
13,13
4,12
13,21
3,12
9,12
0,20
33,18
32,25
10,14
25,29
7,20
36,28
33,19
30,24
31,26
10,21
39,27
9,14
10,14
33,28
38,27
27,16
33,27
35,26
35,18
11,10
23,16
29,15
21,16
32,17
19,29
5,20
26,27
18,21
10,13
28,25
34,18
15,22
2,21
14,23
2,20
32,18
34,18
36,27
1,22
34,18
4,22
32,18
12,14
1,6
0,3
3,5
503,519
663,649
535,30631
2,5
4,11
65,62
1059,1077
2,1
3,4
2434,1871
260,383
583,431
394,570
2,1
35,11
0,1
126,83
1769,343
9,4
3457,53
5624,1376
3223,5206
126,157
1951,4995
2,2
26,3
19,280
5006,1962
1,3
304,669
392,684
954,1042
1,3
39,1505
0,1
1,1
14,8
4188,1582
.597,.276
.0148,.0255
.0808,.0236
.2,.0595
.111,.0461
.157,.0581
.021,.0203
.0522,.027
.297,.0744
269,100.5
.468,.191
7137,2562
.759,.277
.486,.216
.11,.026
.796,.288
2186,1091
.646,.279
.023,.021
.121,.0356
.296,.111
.073,.0352
.366,.141
2689,2099
.176,.0582
.0773,.0372
.163,.0455
.106,.0357
.02,.027
.0727,.0197
.291,.107
.16,.044
.469,.14
.373,.215
.0611,.0349
.0875,.0361
.045,.0167
.113,.0351
.0679,.0372
8760,2604
11544,5302
.0954,.0454
.4,.172
160.1,42.29
.105,.0175
.0866,.0232
.251,.0571
.061,.061
.17,.038
.023,.011
.001,.004
.2822,.023
.0631,.049
.667,.8100000000000001
15.1313,17.914
.031,.02
.27,.02
0,.067
3.2151,7.634
.0196,.023
.1189,.124
.884,.9399999999999999
.003,.036
.627,.306
.355,.095
.02,.009
34.748,17.199
.016,.07
.029,.07
.007,.033
.0125,.007
.029,.09
.09,.045
.109,.478
.005,.014
.125,.136
.004,.003
.017,.009
.1575,.331
.026,.07
4.129,6.802
.016,.131
.004,.015
.024,.01
.0411,.023
.1977,.039
.074,.136
.31,.025
.005,.013
.0528,.049
.153,.53
.017,.01
.031,.07
.0078,.016
.004,.006
.003,.021
.845,7.515
.07,.046
.061,.315
.6096,.464
.7671,.571
14.092,19.129
.0237,.014
.018,.008
.006,.12
.206,.38
.054,.041
.333,.602
.0215,.011
.015,.006
.105,.127
.292,.024
.0321,.063
.1553,.102
.159,.041
.019,.054
1.507,7.509
.0025,.003
.179,.04
.414,.328
.0544,.055
.004,.00049
13.533,15.795
8.882999999999999,20.29
55.659,29.805
.018,.011
.2002,.098
.006,.041
.263,.11
.032,.16
.084,.058
.522,.8
.118,.11
.046,.048
17.183,21.937
12.688,17.384
8.529,27.623
.253,.124
.009,.021
.443,.59
.001,.04
11.762,16.434
.711,.92
19.111,46.985
1.041,.717
.012,.006
.047,.29
.156,.14
3.793,7.2
11.9162,19.529
.077,.071
.412,7.42
.025,.09
.0845,.037
.384,.61
.037,.067
.003,.04
.0159,.008
.0103,.021
.0922,.133
.173,.1
.7,.2
.102,.11
.833,.33
.271,.13
.622,.18
.431,.14
.516,.11
.474,.18
.473,.16
.344,.17
.035,.11
.413,.11
.102,.05
.05,.1
.542,.17
.484,.14
.499,.14
.454,.13
.104,.04
.404,.17
.052,.1
.013,.07
.176,.11
.325,.14
.208,.11
.721,.21
.341,.17
.025,.07
.288,.13
.459,.13
.026,.07
.641,.2
.281,.15
.074,.06
.315,.18
.003,.1
.5600000000000001,.12
.038,.06
.063,.09
.407,.12
.822,.27
.475,.15
.105,.05
-.055,.053
-.229,.06
-.281,.061
-.181,.066
0,.033
.059,.025
.103,.084
.022,.015
.017,.036
.067,.08
.071,.088
.028,.024
.05,.07
.022,.023
.026,.021
.007,.026
.011,.097
.107,.06
.084,.095
.004,.031
.149,.068
.041,.125
.001,.073
4.58,.63
4.66,.63
2.74,.51
5.86,.7
3.43,.5600000000000001
5.93,.71
3.56,.57
9.779999999999999,.88
2.84,.51
9.94,.86
9.49,.85
9.449999999999999,.87
3,5
3,24
11,17
7,7
11,20
2,5
139,29
152,30
30,18
28,29
38,42
7,7
48,30
137,26
18,20
79,46
56,39
42,33
166,38
26,34
2,6
41,33
2,4
11,16
9,23
2,4
25,19
1,6
26,48
1,6
68,49
3,9
2,6
7,8
.03,.06
.011,.06
.07,.08
.37,.06
.01,.04
2.38,4.83
29.37,19.47
.02,.07
43.22,20.66
4.82,7.22
.06,.05
.06,.06
14.44,21.76
.23,.05
.02,.03
.1,.06
.1,.03
.27,4.13
1.1,2.28
3.09,7.35
.02,.03
18.32,21.93
44.06,20.63
1.56,1.92
.02,.03
.02,.07
21.15,19.54
36.21,13.63
.04,.06
0,.04
.01,.03
.02,.03
7.21,18.56
.03,.03
.06,.03
.07,.08
.01,.05
50.52,4.06
.02,.07
.84,1.56
.11,.06
.14,.06
.39,.06
422,138
415,171
169,82
141,83
501,168
307,143
211,85
378,142
447,169
1.02,.25
.3,.08
.55,.12
.18,.08
1.3,.7
.14,.04
1.03,.25
.2,.05
4.87,.5600000000000001
.01,.02
1.78,.3
.31,.07
1.32,.26
.17,.08
.08,.05
.21,.06
.15,.04
.14,.04
.19,.04
.12,.2
.07,.01
.2,.05
.97,.24
.02,.14
.15,.04
.15,.04
.31,.07
.01,.13
.19,.17
.08,.05
.17,.08
.09,.02
.15,.06
.22,.06
.19,.16
.48,.13
.46,.13
.17,.05
3.05,.78
3.05,.78
.22,.05
.15,.04
5.48,1.01
.18,.17
.04,.01
1.32,.27
1.31,.27
.04,.01
.06,.02
.23,.06
.62,.13
.09,.06
.02,.13
.16,.04
.55,.13
.01,.01
.13,.03
.43,.13
0,.02
.024,.096
.001,.411
.058,.012
.227,.35
.222,.582
.96,.202
.647,.042
.015,.082
.14,.027
.282,.041
.5649999999999999,.067
.157,.09
.025,.116
.091,.148
.031,.092
2.129,1.125
.173,.133
.405,.202
.475,.162
.176,.077
.024,.023
.19,.13
.041,.021
.31,.157
.892,.182
1.954,1.075
.284,.038
1.271,.22
.32,.306
.214,.116
.036,.013
.225,.175
.146,.105
.108,.161
.053,.058
.194,.176
.5669999999999999,.033
.217,.119
.341,.161
.073,.142
2.925,.949
3.544,1.007
.069,.107
.467,.151
.065,.036
.0043,.552
.037,.055
.142,.112
.227,.597
.115,.094
.026,.089
.189,.076
.073,.15
.121,.072
.287,.168
.103,.077
.202,.336
.389,.193
.147,.162
.339,.021
.471,.178
.046,.116
.095,.077
1.212,.208
.186,.096
.294,.136
.285,.161
.043,.063
.112,.069
.228,.047
.09,.146
.1,.127
.046,.055
.044,.301
.031,.117
.023,.048
.008,.0061
.094,.106
.006,.026
.032,.019
.044,.028
.052,.059
.326,.157
.052,.023
.141,.062
.051,.088
.041,.019
.008,.054
.001,.032
0,.015
.092,.096
.006,.009
.004,.025
.015,.015
.019,.034
.013,.011
.089,.03
.021,.025
.049,.052
.039,.144
.011,.031
.009,.051
.0278,.015
.044,.0416
.052,.013
.104,.053
.109,.04
.028,.047
.016,.063
.003,.029
.019,.028
.003,.018
.007,.06
.035,.05
.021,.014
.029,.045
.3015,.016
.006,.013
.043,.133
.061,.049
.046,.019
.028,.043
.032,.018
.024,.027
.01,.013
.002,.018
.018,.023
.014,.049
.033,.022
.023,.015
.029,.026
.013,.016
.095,.039
.018,.049
.004,.05
.0511,.0259
.357,.014
.102,.0154
.00558,.0205
.0526,.0114
.109,.0259
.137,.0709
.0405,.0279
.9320000000000001,.549
.0381,.0258
.0278,.0346
.0885,.0313
.0783,.0292
.0469,.0989
.0152,.0125
.133,.0638
.0547,.0311
.00637,.0272
.0236,.0688
.0119,.0289
.187,.0791
.0502,.0126
.05,.0119
.117,.0665
.0325,.0141
.0292,.0115
.0397,.3067
.0582,.0203
.139,.0616
.313,.097
.0239,.0209
.323,.0949
.0244,.0206
.0648,.0156
.00239,.0243
.0421,.0275
.12,.0128
.119,.013
.176,.0636
.00257,.0313
.00428,.0902
.00168,.0266
.0325,.0207
.163,.0614
.041,.0258
.177,.101
.0602,.0236
.132,.0339
.0313,.0208
.00979,.0211
.0164,.0205
.153,.0673
.316,.0263
.0247,.0206
.0501,.0244
.104,.0144
.375,.0264
.247,.023
.341,.027
.169,.029
.341,.027
.165,.029
.408,.022
.242,.023
.12,.014
.246,.023
.006,.013
.242,.023
.028,.016
.341,.027
.111,.019
.344,.027
.203,.023
.167,.029
.165,.029
.548,.228
.654,.248
.626,.239
.466,.217
.716,.244
.583,.23
.479,.22
.466,.218
.593,.238
.116,.046
.216,.055
30.542,13.306
.116,.047
.052,.026
.034,.043
.179,.044
.002,.002
3.009,.175
.078,.036
.118,.046
.091,.016
.071,.041
32.596,18.525
.055,.041
.096,.045
.215,.048
.113,.048
.226,.047
.001,.001
.09,.041
.079,.019
.077,.044
.09,.03
.084,.048
.082,.028
.021,.046
.085,.031
1.275,.107
32.518,19.087
.237,.047
.091,.052
.085,.031
.07,.043
25.746,12.587
.025,.025
1.161,.106
.099,.036
.001,.011
.094,.046
.058,.027
2.742,.172
.159,.05
.037,.017
.067,.037
.098,.049
.091,.054
.061,.031
.211,.051
.104,.047
2.178,.119
.24,.052
.081,.038
.002,.009
.042,.032
.099,.049
2.4,.122
.24,.391
19.183,3.963
7.695,3.969
4.152,1.531
2.524,2.625
18.307,6.854
2.74,1.987
.114,6.762
8.725,9.997999999999999
4.675,2.05
11.172,2.265
1.248,.38
4.548,.953
1.274,.5600000000000001
2.6,.997
.274,1.745
14.008,2.909
1.109,3.154
36.754,13.054
20.589,3.26
.406,.4
20.589,3.286
9.221,3.841
.379,.587
4.942,1.489
1.161,2.275
.366,.584
27.35,8.276
22.033,6.195
1.644,1.58
1.274,1.664
11.172,2.268
7.695,4.01
1.267,2.487
4.756,1.715
14.008,2.92
.08,.04
.14,.12
.12,.06
.3,.1
.11,.05
.09,.15
.01,.05
.02,.02
.15,.05
.18,.06
.038,.06
.14,.06
.04,.15
.09,.04
.53,.08
.04,.02
.04,.02
.06,.02
.07,.02
.04,.04
.25,.12
.04,.02
.17,.15
.15,.02
.12,.04
.68,.07
.95,.13
.03,.11
.06,.02
.04,.02
.024,.05
.05,.01
.18,.02
.05,.06
.5600000000000001,.06
.2,.03
.015,.11
.23,.04
.02,.04
0,.03
.07,.03
.21,.06
.03,.01
.02,.02
.1,.05
.02,.02
.02,.01
.09,.13
.12,.06
.03,.03
.09,.05
.16,.15
.01,.02
.04,.02
.03,.02
.03,.01
.09,.02
.09,.05
.05,.02
.04,.02
.09,.05
0,.05
.87,.13
.04,.06
.08,.03
.16,.06
.21,.06
.03,.01
.12,.05
.03,.04
.1,.03
.05,.04
.2,.02
.05,.04
.06,.05
.04,.02
.21,.04
.02,.14
.09,.02
.39,.17
.02,.04
.248,.2
.079,.02
.007,.04
4.182,79.02
.794,.25
1.59,.85
1.93,.59
.05,.29
.02,.03
.05,.01
.011,.01
.145,.08
.248,.1
.018,.01
.15,.3
.07,.05
.036,.02
.081,.03
.076,.08
.041,.03
.004,.02
.015,.01
.007,.001
52,100
.6899999999999999,.43
.021,.03
.048,.02
80.143,60.936
.93,.59
1,.45
.55,.29
.077,.02
1.14,.841
175.907,86.81
1.22,.68
.28,4.69
.538,.35
84.90000000000001,62.51
1.33,.92
1.33,.89
.96,1.12
.454,.5
.048,.05
.087,.02
.013,.01
.08,.08
1.5,.45
.147,.4
.082,.05
60,105
29.489,78.04000000000001
.011,.01
4.08,1.31
.013,.001
.71,.79
1.55,.95
.248,.1
.26,.82
.156,.21
9.17,4.49
.006,.01
.54,.28
.063,.06
.269,.21
1.66,1.51
.009,.03
39,71
165,74
.015,.01
.156,.21
1.76,.75
5.93,1.7
.014,.06
.184,.04
.041,.1
.033,.03
65,69
1.36,.57
.008,.12
.11,.02
.054,.09
.54,.55
114.93,63.76
.29,.28
6.84,2.15
.026,.04
.013,.01
.095,.08
.001,.04
.87,.86
.37,.29
.31,.31
78,65
3.63,1.74
.555,.16
.058,.1
1.26,.62
.06,.73
.017,.04
.015,.03
.46,.42
49,80
.4,.14
1.225,.42
.372,.08
.083,.02
.147,.4
.009,.001
.1,.04
1.77,.416
1.21,.93
.091,.1
.003,.04
2.4,1.96
144,73
2.88,4.76
.083,.22
.01,.03
.33,.3
.132,.08
2.99,2.27
.35,1.03
0,.1
.434,.23
.029,.09
.98,.92
.098,.06
.034,.29
2.27,1.1
.72,.9399999999999999
133,70
.017,.03
1.53,.32
.78,.33
.01,.001
.008,.001
.345,.16
0,.02
.39,.084
.016,.001
.345,.16
1.12,.67
.021,.04
.125,.08
.025,.02
.057,.03
.08,1.37
.006,.001
.41,.91
.165,.15
1.225,.42
.11,.06
.042,.06
1.25,1.04
.012,.09
.157,.08
22,69
1.26,.22
.28,.86
.006,.04
.015,.04
2.94,.75
.012,.01
.102,.05
39,71
.146,.08
.06,.02
.081,.03
.018,.01
1.43,.64
.048,.04
.068,.02
.005,.14
.19,.67
.007,.001
.87,.86
1.9,.44
.205,.14
.794,.25
.44,.31
78,65
1.225,.42
7.43,4.39
.794,.25
.23,.7
.093,.02
.074,.02
.02,.02
1.26,1.35
.79,.5600000000000001
148.9836,85.01000000000001
.06,.02
.048,.02
1.28,.88
56.5,61.21
.108,.022
.038,.018
.009,.016
.038,.021
.013,.012
.027,.022
.025,.016
.06,.022
.003,.015
.056,.021
.045,.05
.032,.006
.015,.028
.034,.006
.037,.018
.034,.006
.034,.026
.047,.029
.031,.006
.045,.025
.031,.023
.003,.019
.112,.023
.102,.021
.069,.032
.041,.025
.017,.021
.035,.019
.031,.006
.002,.01
.032,.006
.25,.098
.13,.082
.006,.00372671
1,.38314176
1,2.9411765
1,.95238095
.006,.01395349
1,.30487805
1,.63011972
1,3.2258065
.17,.055
2.76,.46
0,.6
.26,.46
4,1.9
3.05,.51
.2,.3
.86,.54
6.2,2.7
.5,.49
.5,1.2
0,.3
2.97,.51
3.2,2.8
3.2,3.7
.007,.015
1.4,.65
.4,1.1
.2,1.1
1.75,.85
7.7,3
1.6,.9
.024,.023
.3,.8
1.65,.75
5.66,1.6
.5600000000000001,.45
.045,.026
.002,.001
.275,.023
.094,.036
.075,.024
.002,.001
.189,.021
.265,.023
.128,.035
.27,.023
.097,.036
.233,.073
.178,.021
.002,.003
.211,.081
.2,.081
.068,.041
.155,.029
.19,.021
.172,.019
.296,.021
.097,.036
.064,.028
.002,.003
.225,.073
.063,.041
.111,.033
.186,.021
.002,.003
.072,.04
.002,.001
.171,.029
.002,.003
.178,.021
.0963,.036
.135,.029
.088,.039
.55,.237
.122,.089
.255,.108
.634,.502
.379,.067
1.806,.365
.002,.097
.409,.106
.161,.074
.011,.067
.188,.084
.022,.05
.109,.044
.178,.064
.612,.234
.39,.072
.38,.072
.103,.053
.088,.088
.887,.667
.135,.054
.9,.211
.014,.05
.842,.212
1.69,.471
.16,.11
.143,.059
.11,.044
.088,.055
1.759,.6820000000000001
.161,.074
.03,.061
.409,.106
.127,.106
.542,.167
.17,.051
.02,.045
.24,.086
1.49,.612
.45,.48
1.811,.428
.8179999999999999,.542
.288,.34
.014,.061
.286,.092
1.782,.444
.286,.091
.095,.054
.288,.34
.127,.054
.055,.089
.029,.061
.3143,.059
.036,.086
.711,.464
.397,.197
.031,.061
1.782,.445
.072,.044
.199,.109
.014,.061
.129,.092
.133,.053
.883,.539
.121,.055
.797,.53
.443,.099
.443,.099
.217,.115
1.84,.427
.347,.412
1.759,.679
.3742,.072
1.862,.625
.308,.09
.033,.063
.133,.11
.176,.051
.309,.091
.395,.059
.428,.193
.147,.052
.178,.064
.395,.059
.4,.603
.242,.045
.135,.054
.216,.106
.016,.057
.069,.044
.023,.059
.881,.581
.243,.045
.099,.102
1.806,.365
.102,.055
.011,.067
1.235,.651
.183,.089
.023,.059
.3672,.072
1.047,.486
1.877,.628
.579,.238
.347,.412
.379,.067
1.69,.471
.252,.094
.064,.049
.068,.044
.042,.023
.1,.037
.043,.027
.015,.046
.091,.11
.014,.011
.0017,.038
.059,.032
.0043,.0043
.13,.05
.108,.08
.02,.052
.067,.034
.009,.15
.075,.033
.051,.088
.068,.039
.085,.04
.07,.037
.078,.037
.076,.041
.061,.028
.032,.053
.0096,.051
.033,.051
.054,.029
.046,.051
.11,.029
.017,.033
.097,.042
.088,.041
.11,.049
.07,.018
.069,.037
.015,.045
1076,391
420,506
327,95
1098,895
5,815
802,940
2400,1266
122,252
1064,393
1512,361
315,1185
208,19
93,106
607,270
183,652
329,109
1029,710
218,115
921,2257
33,238
20,84
96,54
372,85
7192,2637
2144,917
416,776
1690,1379
448,1117
441,470
1219,460
492,507
381,476
643,4600
212,112
1312,530
174,66
941,3865
149,66
9361,5215
1481,890
100,55
1257,739
86,100
268,663
6952,4280
290,1987
388,2411
265,1164
27,238
481,278
10,1023
5,78
6,171
136,235
1334,1334
896,834
1113,201
5851,2482
1450,374
322,187
367,2437
1856,968
424,196
347,80
14,155
181,83
325.31,359.48
229.65,434.84
200.73,264.41
4.78,1.72
1.4,1.26
138.98,134.86
205.47,331.53
446.8,185.73
196.39,142.56
4.68,1.75
2.45,4.96
2.02,2.78
974.85,306.94
446.18,182.1
122.79,203.13
4.68,1.75
1.53,2.85
380.87,162.46
1.24,1.28
3.75,1.57
48.95,276.77
6,5.17
4.96,2.7
338.59,165.68
222.72,145.43
446.8,185.73
7,3.37
5.8,3.47
122.79,203.13
146.94,138.89
146.94,138.89
478.15,228.7
4.22,1.66
4.56,3.24
5.47,3
.36,.245
446.8,185.73
4.68,1.75
446.18,182.1
2.29,1.45
.28,2.49
1.89,1.86
369.74,321.11
7.62,3.13
3.85,3.3
195.75,198.68
1.24,1.28
4.01,1.69
335.56,172
6.38,3.37
378.69,312.67
2.11,1.85
309.76,369
138.98,134.86
17.17,284.24
1.4,1.26
438.56,169.17
3.86,1.56
1.89,1.86
399.17,166.71
4.78,1.72
14,4.82
117.18,326.34
2.19,1.47
190.84,272.83
5.54,3.06
79.63,282.03
450.82,244.12
.004,.006
.006,.007
.13,.007
.014,.005
.003,.007
.003,.006
.023,.12
.016,.005
.014,.006
.015,.008
.009,.007
.15,.008
.0037,.0018
330,141
.0025,.0016
245,96
.0067,.0029
400,146
95,143
605,275
.0024,.0047
.0006,.0054
.0051,.0022
.001,.0014
.0012,.0046
.0012,.0006
265,109
264,123
20.81,210.16
124.51,144.9
50.22,208.94
371.83,133.02
915.59,336.22
312.58,275.37
266.06,203.36
994.68,279.15
34.84,264.57
-150.85,210.19
-95.44,428.95
17.05,203.32
321.06,272.72
35.86,289.39
141.01,330.48
193.72,200.9
4,25
1534,598
9,11
574,101
197,199
0,.004
55,64
.115,.009
16,7
.004,.009
49,27
.003,.01
.011,.002
7,6
6,3
79,30
6,7
.082,.008
14,17
19,28
9,6
5,10
12,8
.069,.009
30,128
10,4
.051,.011
1157,456
46,24
3,24
58,64
.002,.01
629,74
80,60
8,3
11,25
0,39
4,15
.011,.04
22,33
4,11
3,3
19,7
119,47
121,52
1,7
.002,.005
17,24
7,5
3,10
89,258
1,2
47,22
11,9
277,174
.083,.024
.021,.01
.01,.04
.016,.03
.4,.07
.01,.03
.173,.022
.089,.034
.08,.03
.08,.04
.182,.024
.015,.028
.03,.03
.185,.027
.16,.028
.083,.03
0,.05
.164,.023
.198,.027
.174,.028
.09,.04
.205,.035
.168,.031
.03,.03
.031,.014
.008,.029
.008,.005
.08,.06
.01,.01
0,.06
.13,.05
.17,.029
.163,.024
.036,.017
.168,.023
.154,.029
.173,.022
.03,.05
.184,.023
.167,.021
.03,.04
.151,.022
.01,.03
.13,.08
.01,.02
.003,.029
.059,.015
.01,.04
.12,.03
.003,.028
.033,.029
.161,.028
.005,.029
.084,.025
.023,.034
.033,.025
.01,.015
.008,.015
.167,.021
.011,.026
.031,.014
.017,.029
.01,.03
.032,.02
.09,.03
.032,.02
.032,.02
.008,.012
.189,.024
.011,.031
.16,.028
.15,.05
.127,.031
.031,.014
1.4,.12
.29,.12
.11,.26
.17,.04
2.03,1.11
.4,.25
.45,.11
1.43,.26
.11,.11
1.17,.22
.6,1.64
.16,.21
.64,1.62
1326,316
.53,.09
1.44,.24
1.42,.1
.34,1.59
1114,2804
2.41,1.14
4.28,1.54
.28,.1
3.83,1.52
.03,.04
.28,1.51
.1,.04
.28,1.55
1.33,.21
3.92,1.5
1.51,.25
.14,1.67
1.11,1.67
.3,.22
1.51,.23
262,666
.44,.2
1.48,.27
1.61,.26
1840,6082
4.14,1.52
.26,1.64
.14,.2
383,687
.1,.03
.12,.19
.19,.23
835,6243
.03,.02
.8100000000000001,.06
.02,.02
0,.01
.07,.09
.07,.08
.03,.09
.041,.02
.02,.02
.01,.02
.09,.03
.03,.02
.02,.02
0,.01
.1,.03
.4,.03
18.2,4.93
.05,.04
3.78,2.06
.02,.1
.01,.02
3.23,3.67
.03,.03
.04,.02
1.36,2.19
.01,.03
.011,.02
.01,.01
.04,.02
.05,.01
.05,.02
.02,.05
.33,.02
.06,.04
.05,.03
.04,.03
.02,.07
0,.02
.05,.09
.0191,.13
.0006,.02
46.5,26.21
.0469,.06
.0209,.01
.0486,.15
.178,.07
.115,.05
.0883,.03
.0411,.13
.0039,.04
.0324,.05
.0924,.04
.0378,.05
.0903,.04
.0668,.04
.1383,.05
.0082,.04
.0836,.04
.0619,.04
23.52,24.83
.0978,.05
.169,.05
.125,.11
.064,.056
.14,.064
.14,.091
.003,.132
.178,.069
.402,.162
.003,.093
.14,.084
.036,.109
.063,.057
.14,.118
.012,.019
.034,.031
.019,.019
.065,.028
.034,.085
.018,.082
.07,.027
.018,.018
.039,.03
.071,.027
.17,.09
.17,.09
1024,126
517,196
403,155
1604,161
1494,180
48,70
782,137
1565,169
1564,154
289,232
.02,.007
0,.002
.004,.003
.013,.006
.011,.005
.001,.001
.02,.007
.003,.002
.017,.007
.003,.002
.016,.006
.017,.006
.016,.006
0,.001
.017,.006
.003,.002
.017,.063
.04,.062
.026,.051
.016,.044
.097,.051
.009,.08
.073,.069
.022,.06
.012,.048
.026,.085
.009,.035
.032,.035
.109,.086
.046,.088
.105,.093
.041,.069
.064,.075
.015,.075
.063,.061
.042,.083
.133,.072
.01,.072
.09,.056
.087,.057
.014,.066
.083,.063
.101,.091
.086,.074
.064,.072
.029,.048
.032,.083
.002,.069
.014,.018
.215,.017
.004,.026
.112,.042
.014,.038
.05,.026
.072,.034
.079,.042
.009,.039
.018,.026
.182,.084
.107,.043
.038,.03
.167,.046
.081,.039
.02,.017
.04,.052
.187,.038
.187,.081
.013,.022
.01,.018
.096,.036
.111,.053
.216,.023
.222,.031
.01,.007
27.99,22.508
.032,.02
0,.071
16.23,21.476
.013,.01
.011,.021
10.73,13.014
.01,.006
.05,.071
9.699999999999999,7.581
8.48,12.978
0,.006
.008,.01
4.07,7.43
.015,.007
.362,.408
.744,.144
.575,.097
.0018,.006
.223,.399
.647,.045
.664,.172
.009,.004
.297,.221
.189,.235
.006,.006
.009,.004
.022,.009
.018,.006
.5610000000000001,.092
.026,.005
.78,.377
.009,.004
.006,.006
.44,.239
.587,.082
.901,.386
.614,.043
.009,.004
.6889999999999999,.198
.431,.269
.333,.221
.576,.064
.023,.007
.647,.14
.722,.137
.541,.265
.026,.005
.013,.319
1.712,.313
1.397,.372
.094,.32
1.254,.198
.122,.541
.823,.657
1.076,.657
1.438,.417
.864,.618
1.64,.174
1.921,.586
.397,.625
.24,.429
1.206,.533
1.718,.314
.18,.323
.604,.638
.8070000000000001,.514
1.55,.767
.968,.467
.087,.5600000000000001
1.642,.174
.16,.316
.264,.433
1.39,.638
.061,.007
.036,.007
.042,.01
.007,.01
.077,.007
.013,.008
.004,.004
.007,.004
.04,.005
.473,.133
.141,.053
4.888,.517
.03,.039
.108,.128
5.3,.604
.457,.13
.443,1.368
.448,.163
2.164,1.151
4.7,.629
.02,.03449029
.414,.11131975
.003,.00080666
.474,.17872833
.01,.00268888
.128,.0750274
.004,.00234461
.005,.00230405
.036,.09277832
.483,.21398863
11.7,3.145993
.073,.2519328
.12,.06527331
10.46,7.3731877
.003,.00080666
.076,.04808706
.076,.04538221
.073,.45308242
16.85,5.8544312
5.47,3.631507
8.119999999999999,4.6992527
.057,2.5264201
5.96,8.3619693
.004,.0023298
.436,.1172353
.053,.27287992
6.24,8.9157683
.01,.00268888
7.79,3.8677501
4.35,7.0289053
12.11,5.3652222
.033,.19855663
16.53,4.4447235
.004,.00188673
.034,.24583489
3.47,9.069001
8.686,9.587
.023,6.623
23.872,7.865
7.658,7.664
42.795,6.681
7.006,6.678
33.069,6.081
31.773,8.613
16.039,6.625
5.888,6.089
12.337,8.736000000000001
16.283,8.32
484,436
.016,.015
.005,.03
.038,.023
.037,.02
.068,.094
104,57
.024,.026
.052,.058
.211,.258
122,122
46,47
15,95
.029,.058
12,25
52,44
2,20
35,100
.136,.133
37,22
29.196,19.1
.059,.064
5,44
.246,.137
69,39
.046,.062
184,73
18.862,20.248
.048,.026
69,24
102,33
4,101
.023,.03
.047,.193
89,73
26,35
.038,.026
.014,.025
43,29
45,44
.018,.017
82,148
.026,.025
.516,.247
.128,.137
1169,15672
85,39
.075,.068
.043,.037
0,1
.038,.022
44,47
.058,.083
5,210
6.141,9.256
.214,.135
64,52
.093,.052
.022,.058
2,98
.088,.046
74,53
30,36
81,77
.423,.293
31,17
17,187
.024,.134
3,34
31,49
34,30
.154,.27
.251,.129
56,91
.08,.069
60,107
730,393
372,223
570,155
402,226
1040,316
9,4
437,226
86,118
379,367
787,466
146,159
11,5
14,7
271,183
439,196
493,217
160,198
250,187
4,60
1,4
7,7
396,195
239,178
122,102
318,155
13,5
16,6
89,1
234,94
25,102
131,169
3,6
73,62
628,318
295,148
369,186
965,228
522,114
249,115
587,427
194,248
.003,.002
.03,.03
.03,.04
.003,.02
.16,.04
.51,.21
.07,.32
.08,.04
.004,.002
.12,.04
.07,.03
.86,.52
1.57,.73
.07,.03
.02,.01
1.72,.75
.06,.03
.43,.51
.68,.83
.37,.64
4022,2223
55.6,74.95
.1,.05
.66,1.95
.04,.05
.02,.04
.04,.03
1.47,2.04
.05,.09
.045,.116
.04,.03
.01,.03
41.008,17.356
.01,.04
.02,.04
.04,.05
67.92,84.38
.03,.02
.01,.03
.07,.05
.06,.02
2.98,6.02
.01,.03
0,.04
58.21,70.8
.01,.03
.05,.03
.174,.098
0,.08
.12,.05
.01,.04
46.055,25.791
.01,.03
8.255000000000001,19.304
2.93,10.66
.06,.04
.08,.05
.09,.04
.015,.068
.04,.03
47.24,49.62
.03,.03
.072,.059
0,.05
.01,.03
.16,.1
1.65,.99
.03,.05
.07,.05
1717,1934
.21,.11
.127,.084
28.25,11.61
12.43,16.4
.129,.067
.01,.04
4022,2718
.05,.08
.01,.02
.02,.17
.965,13.209
.03,.04
.05,.03
.148,.067
.03,.03
.04,.04
.01,.02
.02,.04
.1,.04
25.84,23.588
27.164,29.451
0,.05
2.9,9.01
.01,.04
.07,.03
.02,.01
.106,.097
20.43,8.84
.02,.02
.224,.105
96.17,29.18
.28,.14
.31,.08
.12,.1
.14,.12
.09,.04
.04,.04
17.09,7.32
10.21,7.75
.21,14.22
.01,.03
.19,.16
92.70999999999999,50.59
.08,.05
.01,.04
.02,.03
.01,.04
185,95.76000000000001
.03,.02
.06,.03
.01,.04
7.11,34.77
.04,.04
.04,.04
.03,.03
.006,.077
.05,.12
.05,.07
.14,.15
.01,.03
96.52,64.45
.121,.061
.16,.17
.02,.02
.047,.196
.305,.094
643.63,455.407
.117,.135
.099,.277
59,31
.283,.286
.028,.04
.035,.177
.025,.016
.204,.034
2,61
.516,.436
.07,.279
28.978,15.166
.102,.198
47,31
.122,.199
.004,.051
.045,.193
142.479,101.002
.238,.031
83.989,94.661
.354,.114
35.94,52.405
.639,.212
.047,.254
.204,.221
.282,.198
88,86
30.12,27.596
10.659,18.778
382.002,271.23
86.995,109.439
45.426,102.511
.239,.293
.15,.212
9.358000000000001,19.391
.322,.21
.634,.207
15,25
.001,.195
.113,.11
.266,.433
.15,.032
5.365,37.339
9.584,16.446
.141,.03
.122,.18
.044,.193
.232,.101
2,32
.057,.047
.326,.206
70.062,45.054
5.802,8.337999999999999
5.036,29.416
20.18,16.061
.255,.207
.281,.089
406.34,468.693
.056,.19
.143,.195
.114,.076
.012,.051
.387,.108
.096,.22
36.302,27.427
.511,.146
.054,.256
.478,.161
79.77,68.482
.08,.202
.114,.066
18.1325,24.477
25.354,110.911
.173,.362
.125,.031
281.555,132.572
.121,.11
.091,.01497
24.166,105.03
1.988,102.701
.221,.034
.212,.218
.006,.018
.572,.171
.768,.293
.11,.193
.135,.032
155.526,403.44
193.7495,242.484
.074,.275
.231,.109
.006,.178
181.102,305.878
.463,.316
8.904,33
1,31
.626,.214
.003,.041
187.826,106.129
.234,.033
188.496,94.733
21.121,16.27
32.533,17.131
.125,.206
.137,.2
.131,.223
38.339,101.573
.331,.261
55.237,27.98
.186,.14
14,36
607.436,342.681
9.074,6.92
.014,.041
296.574,126.38
147.983,119.543
.009,.044
.022,.134
.018,.017
19.996,100.273
.34,.253
.184,.092
.275,.207
.079,.039
.172,.203
.119,.201
.02,.042
.705,.215
.366,.302
12.693,106.513
10,53
6.996,8.159000000000001
.497,.302
.206,.192
113.018,126.26
.119,.072
11.237,19.3
2.078,33.161
.013,.018
27.516,20.963
.475,.221
.326,.298
.058,.192
12,38
.027,.042
.445,.197
.162,.088
.066,.232
15,57
.355,.231
.227,.36
.084,.179
.711,.387
.581,.436
122.822,297.461
.006,.04
84.55200000000001,127.252
31.648,20.923
450.125,356.568
.091,.197
.0336,.0488
.189,.096
.09,.017
1.2214,.7023
.0829,.0309
.0718,.0497
.005,.007
0,.008
.083,.027
.083,.027
.0801,.0434
.053,.012
1.2318,.6889999999999999
.061,.011
.0728,.0349
.0823,.031
.0719,.0349
.096,.018
.0319,.0469
.0805,.043
.068,.0489
.206,.097
161.1,447.7
225.9,303.5
27.4,56.1
67.3,55.7
479,444.8
14.4,12.8
318.2,169.8
172.1,319.5
22.9,46.5
227.7,78.90000000000001
267.3,45.2
15.2,67.8
170.1,38.9
61.8,130
21.4,72.3
473.1,50
177.5,311.8
306.6,67.8
457,150
312.2,70.09999999999999
49.8,32.7
27,84.90000000000001
113.7,92.8
386.8,210.5
26.4,66.09999999999999
307.9,77.3
462.7,94.09999999999999
259,45.2
364.8,30.9
959.5,438.2
1.7,20.7
0,1
21946,10226
11155,7103
3422,650
1.53,.28
1871,384
7407,3405
8717,3551
504,714
1085,1939
2923,1068
3569,1464
19077,10390
339,184
.84,.16
7826,2830
4050,1888
125,1149
.27,.09
4172,1518
306,2801
4826,3566
5655,3642
24887,13756
.12,.2
1197,444
6009,1336
2177,1373
14183,5363
.65,.22
7810,4241
25936,9636
255,370
5317,3339
550,992
8985,4156
1635,1386
14312,5041
732,1540
6015,2776
.06,.1
2281,856
827,444
669,573
2446,1810
14693,6743
3286,772
371,787
12615,6964
.141,.107
.027,.013
.213,.078
.982,.448
.084,.113
.154,.042
.507,.099
.196,.098
.215,.083
.249,.129
.8159999999999999,2.172
.039,.018
.14,.106
.26,.115
.355,.184
.195,.098
.441,.209
.304,.143
.22,.097
.214,.078
.206,.046
.093,.026
.231,.089
.192,.11
2.095,1.179
.154,.102
.166,.102
.021,.012
.204,.097
.031,.017
2.32,2.17
.1,.1
32.71,10.7
.67,3.63
.026,.017
14.09,2.99
215,70
18.9,5.22
4.41,3.14
.058,.019
4.84,1.99
374,112
4.24,2.04
84,69
0,.1
156,69
3.2,1.63
3.82,2.74
8.26,5.54
1.73,5.75
1.28,8.300000000000001
176,119
9.33,4.93
.6899999999999999,1.09
483,148
6.32,1.49
8.93,3.78
15.15,3.99
.05,1.62
10.15,3.91
.037,.016
539,95
140,63
4.67,2.34
.278,1.51
2.24,2.34
14.31,4.71
21.58,4.55
.96,3.79
73,69
13.54,3.6
1071,239
120,59
25.49,6.81
428,94
.042,.022
482,126
4.369,2.48
2.39,1.28
4.6,2.17
417,113
33.33,9.16
5.91,3.79
11.82,3.57
3.82,4.93
4.65,5.72
11.93,6.9
26.17,7.96
.87,2.28
3.38,1.87
.023,.017
.047,.017
.16,.01
32.88,7.59
3.4,6
.019,.012
150,69
35,86
.077,.013
7.45,2.11
332,123
3.33,1.7
69,74
17.19,3.02
.053,.013
.543,.736
.024,.016
.325,.78
.12,.636
.578,.619
.001,.006
.082,.703
.012,.014
.275,.631
.003,.006
.574,.89
.003,.013
.662,.705
.009,.015
.003,.007
1.023,.803
.01,.666
.279,.859
.874,.821
.414,.636
.9389999999999999,.652
.001,.006
.399,.694
1.914,.662
2.083,.726
.014,.006
.033,.795
1.061,.74
.728,.84
.123,.766
.006,.016
.01,.006
.796,.668
.002,.014
1.132,.837
1.515,.6929999999999999
.001,.011
.024,.031
.006,.031
.02,.03
0,.011
.038,.019
.001,.03
.017,.031
.073,.024
.022,.026
.056,.023
.002,.011
.038,.019
.055,.016
.03,.016
.019,.031
.0298,.0332
.121,.05
.0256,.0331
.224,.0144
.14,.0259
.291,.082
.414,.0797
.0531,.0315
.0916,.0735
.353,.112
.075,.0708
.0404,.0192
.231,.0331
.125,.0489
.141,.026
.0936,.0419
.25,.02
.19,.143
.329,.161
.14,.0159
.19,.022
.178,.237
.0318,.0362
.073,.0167
.29,.0488
.111,.0818
.315,.012
.151,.0191
.0809,.0397
.278,.0845
.173,.229
.108,.0933
.123,.016
.197,.0225
.4,.173
.444,.109
.0314,.0936
.1995,1.367
4.653,8.247999999999999
2.569,1.185
.4319,.9774
1.236,1.161
7.174,5.575
.1836,1.17
2.253,.7917999999999999
4.137,1.871
.0005,1.221
4.79,1.602
1.487,1.29
.7068,8.036
.0491,.7914
2.697,4.789
3.34,1.805
3.552,1.421
1.855,2.192
.7967,.786
.003,.9224
15.52,2.417
3.247,.765
1.839,.6283
1.74,.5855
3.289,1.095
.908,1.324
.058,.034
.117,.066
.158,.169
.087,.029
.00179,.00836
.037,.029
.103,.037
.1,.036
.028,.045
.001,.044
.185,.109
.034,.072
.063,.042
.174,.055
.042,.076
.074,.098
.035,.027
.00716,.0668
.179,.057
.049,.034
.093,.039
.169,.103
.086,.031
.14,.047
.091,.038
.021,.053
.197,.549
.016,.038
.012,.027
.345,.183
.501,.283
.021,.033
.143,.152
.016,.038
.024,.043
.116,.424
.111,.057
.021,.037
.431,.207
.022,.037
.024,.043
.039,.05
.003,.038
.429,.247
.037,.05
.269,.167
.075,.506
.462,.472
4.935,1.88
4.92,1.93
.431,.207
4.876,1.927
.019,.033
.02,.053
.008,.024
4.897,1.874
.132,.423
.002,.038
.063,.041
.073,.505
.27,.175
6.525,2.094
.143,.575
.04,.044
.136,.117
.063,.041
.469,.471
.111,.057
.012,.026
.163,.549
6.659,2.107
.358,.182
.267,.168
.581,.607
.272,.174
.596,.607
.143,.575
.042,.045
.009,.024
.082,.127
.006,.021
.026,.014
.137,.041
.003,.062
.015,.033
.011,.051
.117,.05
.111,.05
.049,.053
.838,.72
.036,.054
.059,.014
.024,.052
.023,.078
1.778,.612
.583,.241
.137,.042
.037,.063
.01,.073
.08,.025
.123,.024
.483,.264
.113,.064
.071,.0127
.008,.031
.024,.052
.02,.078
.031,.055
.124,.065
.022,.052
.072,.74
.061,.8070000000000001
.203,.016
.11,.085
.031,.059
.062,.042
.016,.02
.161,.036
.043,.056
.1,.046
.218,.133
.062,.042
.055,.037
.037,.054
.161,.036
.061,.042
.193,.093
.062,.042
.027,.02
.014,.032
.14,.042
.123,.026
.023,.078
.027,.059
.014,.034
.019,.156
.161,.036
.493,.202
.053,.06
.254,.16
.163,.036
.05,.053
.001,.074
.096,.046
.084,.16
.137,.042
.104,.024
.033,.148
.084,.009
.065,.181
.055,.037
.024,.078
.162,.038
.051,.03
.055,.037
.05,.06
.055,.037
.008,.029
.216,.262
.049,.056
.023,.031
.022,.052
.323,.152
.163,.036
.161,.036
.197,.153
.036,.028
.216,.211
.049,.028
.694,.355
.137,.041
.024,.052
.037,.063
.046,.063
.102,.064
.076,.029
.137,.041
.049,.06
.051,.053
.029,.03
.091,.033
.222,.153
.1,.046
.043,.028
.008,.013
0,.074
.008,.021
.195,.183
.112,.05
.163,.036
.033,.034
.044,.056
.473,.202
.137,.041
.024,.052
.007,.074
.041,.037
.139,.042
.117,.064
.026,.059
.098,.063
.022,.052
.094,.063
.31,.9
5.51,1.47
5.23,1.64
.96,1.28
.27,.9399999999999999
.672,.09
.7,.05
.712,.024
.6899999999999999,.047
.792,.034
.6830000000000001,.027
.156,.108
.017,.051
197.22,19.79
.104,.128
160.94,8.630000000000001
.031,.052
.083,.06
.079,.055
12.18,10.58
3.26,5.56
.116,.07
215.77,6.41
.185,.079
65.95999999999999,9.84
209.4,14.46
.133,.045
.262,.089
.036,.048
61.37,16.2
.164,.118
.061,.102
100.94,9.44
46.19,6.8
.016,.061
.071,.095
.032,.12
.033,.1
87.17,9.69
.229,.138
.364,.156
203.81,7
.545,.068
.053,.065
1.074,.134
.02,.03
.22,.04
.29,.03
.25,.03
.29,.03
.2,.03
.13,.05
.29,.03
.25,.03
.2,.03
25.59,2.21
.2,.03
25.46,2.2
.2,.03
.29,.03
.25,.06
.13,.05
.22,.04
.2,.03
.25,.05
.0088,.0176
.0108,.0045
.0076,.008
.0059,.006
.0012,.0063
.5471,.0097
.0369,.019
.0064,.0071
.0068,.0152
.0145,.0193
.5039,.0081
61,30
.5016,1.3479
.0035,.0058
.4824,.0087
3.1948,.9911
.5255,.0083
.0014,.0018
9.1904,11.6729
.0011,.0155
.4692,.0084
.4964,.01
.0896,.3026
161,98
.4645,.0084
.0025,.0018
.5088,.01056
.5759,.0098
.0187,.0137
.0025,.0056
.491,.0064
.0006,.0019
.0018,.0062
.0374,.0248
.0074,.0045
.2469,.0789
.5284,.0083
.4971,.0101
.48,.0087
.0041,.0072
.015,.0094
.5036,.0081
.0056,.0057
.0039,.0055
.0067,.0082
.5432,.0062
.0009,.0018
.0168,.0143
.0012,.0084
.5199,.006
.0101,.0094
.5693,.0101
.0085,.0169
.4774,.0062
.0117,.0168
.1358,.6984
.2053,.0827
.0158,.0078
.0177,.0096
.5515,.0095
.509,.0103
0,.0001
.0019,.0183
.004,.002
.154,.045
.075,.064
.231,.037
.006,.002
.047,.062
.008,.014
.088,.045
.005,.003
.001,.003
.101,.038
.299,.04
.039,.044
.00003,.00001
.107,.072
.078,.052
.001,.002
.00002,.00001
.367,.035
.063,.061
.289,.032
.152,.046
.03,.045
.071,.068
.03,.045
.058,.081
.108,.038
.009,.014
.101,.038
.108,.058
.001,.003
.001,.013
.00003,.00001
.0003,.00001
.087,.035
.259,.033
.001,.013
.005,.002
.05,.041
.128,.052
.0332,.028
.115,.026
.0375,.1
.125,.12
.111,.033
.181,.037
.0413,.03
.0518,.103
.159,.061
.014,.028
.395,.161
20.49,5.532
.363,.12
.445,.147
.026,.037
.277,.128
1.082,.11
.358,.133
.0289,.024
.153,.031
.0241,.085
9.375999999999999,3.487
.146,.168
.116,.032
.0342,.094
.133,.029
.241,.172
.0437,.12
.0961,.051
.311,.11
.117,.025
.587,.183
.448,.163
.0735,.026
.134,.045
.119,.047
.236,.124
25.72,6.923
.016,.025
.379,.16
.384,.131
.349,.169
1.105,.311
.149,.042
.163,.17
.05,.032
.111,.047
.167,.039
.292,.111
.292,.173
.242,.097
.134,.092
.383,.159
.0996,.046
.292,.111
1.467,.532
.173,.085
.0345,.1
.0797,.027
1.48,.532
.241,.177
.273,.125
.127,.07
.429,.154
.273,.122
.0483,.107
.0893,.094
.0143,.091
18.89,8.068
.286,.142
.021,.011
.13,.1
.025,.048
1.67,.2
.0366,.0213
.0288,.0258
.21,.032
.187,.08749
.0021,.013
.042,.033
.077,.027
.0365,.0353
1.5,.094
.00974,.0224
.71,.11
.105,.0839
.013,.014
.838,.499
.22,.031
.38,.1
.213,.0344
.221,.453
2.12,.026
.2,.037
.071,.02
.0042,.017
1.71,.11
4839,1764
24,29
.06,.03
18,32
.1,.02
.83,.31
.74,.27
.03,.01
623,1347
.25,.05
.01,.02
.02,.01
0,.07
.03,.03
.04,.02
.3,.02
.09,.03
.03,.03
.13,.05
46,30
0,.03
.14,.28
.07,.04
861,1555
.02,.26
.07,.03
62,28
664,1514
.08,.03
.01,.04
.8100000000000001,.36
0,.02
43,34
4827,2031
.02,.07
9666,1703
764,1293
.01,.02
.06,.02
.08,.03
.04,.01
.02,.26
.18,.03
6802,2017
0,.02
.03,.02
1.17,.36
.07,.03
7470,1974.78
140,1419
.12,.02
.03,.03
385,917.5700000000001
.12,.02
35,24
27,30
4538,1503.03
.71,.27
1.25,.24
.02,.02
.14,.02
19,30
.03,.03
.15,.02
.12,.24
.08,.03
.31,.03
526,1035
.24,.06
58,28
683,2669.3
.1,.25
.08,.03
.06,.03
1.25,.35
.06,.02
.09,.02
.1,.02
.01,.02
.12,.28
.13,.48
16,34.47
.01,.01
45,18.62
1.64,.3
121,1201.6
.05,.02
197,1436
.07,.02
.06,.03
.02,.07
.55,.35
.04,.24
.03,.01
6,29
57,18
.07,.19
.06,.03
.05,.05
.01,.02
49,35
.09,.03
88,26.38
7455,1328
.18,.06
.02,.01
.14,.05
23,33.75
.03,.01
20,30.41
.01,.03
.12,.05
.01,.02
.11,.05
4398,1439.84
.08,.17
43,28
.02,.03
.25,.03
81,26
23,23.17
.62,.35
.1,.02
.08,.03
.04,.02
3200,1935
3602,1974
.106,.049
.0221,.0365
.00945,.0439
.038,.051
.032,.03
.0953,.0429
.1,.043
.061,.037
.0391,.0383
.126,.043
.087,.053
.0309,.0427
.109,.043
.00329,.0278
.0288,.0299
.049,.055
1.083,.5590000000000001
.1,.07
1.49,.881
1.76,.731
.008,.101
.221,.112
3.6,1.7
2.844,1.126
.042,.105
5.558,2.935
10.663,4.613
11.108,7.085
1.76,.731
2.309,1.901
.4941,.8129999999999999
.04,.019
9.038,5.261
1.083,.5590000000000001
3.148,3.88
.984,.847
.004,.025
5.988,5.112
.736,1.224
.052,.028
.019,.014
1.9,1.5
.007,.018
.001,.011
1.97,.8159999999999999
.2,.11
10.663,4.613
5.558,2.935
17.254,7.025
.994,1.024
.291,.167
7.414,4.179
11.784,5.073
.099,.078
5.237,7.611
.072,.057
1.794,1.832
.425,.847
4.765,2.786
9.144,3.165
.475,.851
3.877,3.686
10.637,3.116
1.579,2.091
1.173,1.651
4.379,1.896
1.061,1.95
4.755,2.843
5.66,4.529
5.647,4.008
1.893,.733
3.174,1.826
3.393,1.875
6.247,2.428
1.303,1.658
1.681,1.815
9.106,3.199
1.863,.789
3.347,1.869
4.068,3.404
.482,.774
4.351,1.893
1.887,.728
4.39,1.934
3.979,3.665
5.671,4.568
.759,.372
32.57,14.778
.056,.032
5.59,.6879999999999999
39.81,15.568
4.478,.472
19.363,18.449
1.144,8.336
6.59,12.975
119.2,26.12
.148,.038
13.43,11.475
55.23,13.4724
10.38,12.235
42.97,27.74
.007,20.016
7.43,1.583
.058,.013
12.89,34.98
.068,.059
.181,.028
2.61,1.804
67.06,17.267
4.37,1.417
.116,.031
.127,.064
40.81,14.95
.459,.075
.005,.037
.039,.014
.026,.016
.09,.029
16.97,34.98
.145,.073
.016,.029
.05,.026
.073,.031
33.35,13.46
11.99,28.37
7.603,17.71
.448,.064
7.756,21.46
.022,.062
.552,.083
.252,.039
3.2,1.544
1.453,.544
.026,.034
.018,.019
71.8,16.92
60.9,20.52
47.23,20.259
11.86,14.036
.07,.029
6.03,13.271
.488,.055
.126,.109
.27,.141
.055,.121
.223,.139
.056,.044
8.218999999999999,4.606
.5620000000000001,.953
.005,.174
8.327999999999999,5.734
.049,.177
8.384,4.536
.072,.104
.08,.054
.022,.054
.074,.071
.516,1.152
.05,.144
6.108,5.016
.14,.105
.098,.064
.111,.156
.485,.911
.092,.147
.158,.157
.09,.108
.013,.104
43.157,113.758
.525,8.465
.07,.07
.17,.173
.045,.034
5.108,15.452
.129,.055
.017,.103
.03,.045
.07,.052
.126,.088
.02,.046
.105,.06
.006,.175
.114,.06
.06,.175
.048,.143
.29,8.75
10.226,8.282999999999999
.064,.121
.061,.146
.068,.029
.117,.092
.195,.117
.062,.152
.115,.082
5.426,10.93
.242,.127
.07,.041
.204,.123
.064,.046
.027,.032
.062,.053
.516,1.26
.025,.092
.24,.14
.03,.098
.075,.0132
2.664,7.497
.024,.035
.261,.137
5330,5705
.13,.103
.043,.05
.208,.138
.033,.077
5.525,14.694
.015,.057
.074,.112
.085,.05
.153,.107
5802,5831
.128,.102
.128,.085
.112,.06
2.146,8.616
.25,.13
.061,.139
.087,.064
.08,.04
.033,.045
.237,.14
.046,.053
.113,.091
11.886,10.876
.006,.037
.076,.03
.026,.032
.024,.031
8.117000000000001,5.661
.106,.157
5.657,14.551
.055,.176
.047,.051
.035,.077
1.271,1.332
.114,.107
.048,.055
1.475,1.421
9.917999999999999,4.91
8.472,4.358
.025,.042
9.779,4.711
3.147,3.187
.041,.047
.03,.043
.068,.047
3.994,3.587
.026,.027
.078,.043
.044,.028
.081,.036
5.444,4.407
7.057,4.225
7.309,4.946
.0798,.0288
16,15
.00203,.016
.127,.317
.0582,.028
.0185,.021
1.157,.583
322.9,569.7
.041,.0261
.533,.227
1384,981
2427,1333
74.5,614.9
.0556,.0166
4.103,5.8214
.0892,.054
18,366
.429,.065
.105,.269
.0718,.0281
647,327
.427,.358
3.759,2.996
.193,.0258
674,541
4.26,2.494
.0602,.0293
85,79
.0602,.0293
.439,.0289
422,174
4.26,14.59
167.3,78.93000000000001
601,592
1.761,135.2
.287,1.307
.0231,.0263
.501,3.52
414,5390
.0513,.02
199,156
.408,.078
.019,.039
.5,.66
.08,.13
.047,.038
458,120
.043,.03
63,219
.1,.68
.357,.093
1,196
.009,.034
2.6,1.52
.9,1.17
.006,.022
.252,.064
.014,.59
389,90
.6,1.71
.081,.025
.068,.072
49,84
573,414
134,32
198,243
77,38
.038,.032
.006,.043
.252,.058
.38,.085
1,1.03
.018,.013
1.7,1.53
3.6,8.5
712,479
11,17
.025,.046
206,258
.07,.046
5,13
.026,.03
1.1,1.04
.52,.26
.024,.032
513,431
1.1,1.43
.015,.034
.071,.034
.753,.009
526,403
.083,.048
368,84
28,19
10,9
1,.54
.6,54
.7,1.42
.753,.009
.018,.016
47,129
21,29
154,75
.109,.061
252,185
.222,.385
.003,.003
.009,.008
.8179999999999999,.517
2.074,3.525
.073,.017
.031,.035
701,619
29.292,249
.021,.031
.025,.027
.213,.363
.004,.038
.144,.069
7.852,4.23
1.909,3.023
.014,.018
.416,.06
365932,44233
.071,.026
2.584,1.065
10714,6317
74130,79611
2410,3807
.019,.044
.008,.047
.085,.038
.077,.033
.071,.093
.021,.036
2.485,3.274
.029,.038
6.135,2.469
1.487,.75
1.059,.629
.508,.051
.007,.038
361034,43585
5.65,3.905
.011,.01
.135,.044
.001,.003
4.789,5.302
1.6,35
.013,.032
.179,.124
1.875,2.956
.119,.03
.015,.019
.8080000000000001,.6879999999999999
.194,.05
.02,.072
.278,.609
.2577,.041
5.675,3.008
4.8,5.3
.137,.077
354,314
.023,.014
.44,.948
542,372
12,15
.712,1.488
2.71,1.474
391,213
.991,1.176
.007,.011
.06,.026
.005,.006
2.033,2.741
.0143,.005
1.238,1.544
1069,2520
158,2940
.007,.023
.009,.006
94,336
.002,.008
542,372
0,.01
354,314
.739,2.245
.015,.011
.084,.027
.023,.023
799,669
.0114,.0261
2554,6156
.005,.09
1.713,2.162
.021,.027
.0083,.0215
.063,.019
.0357,.0188
.039,.026
.012,.011
2.076,1.046
.008,.009
5013,4049
.002,.029
839,945
.0501,.0459
.052,.021
1682,1412
.084,.041
14.16,8.09
255,1056
979,287
343,1263
12.11,12.06
.106,.0291
530,547
6.5,31.81
5266,3720
526,358
.045,.04
.12,.099
1.703,1.583
2644,1491
2105,1100
10.24,37.22
48,51
706,1324
75,2163
.613,.743
22,17
8.785,4.92
1.387,1.521
2.951,2.49
1620,3257
.002,.018
1181,1086
3548,3813
.0815,.0445
1334,230
.0064,.0179
.028,.202
0,.01
.007,.021
.0055,.013
.011,.021
.03,.012
10,6
.531,.269
.05,.08
1119,698
.466,1.418
948,588
45,46
19.73,11.35
11,17
1286,439
217,628
2.061,9.865
3.7,11.51
.085,.067
.007,.0263
.051,.057
.012,.024
.0288,.0253
2.466,2.361
0,.01
.016,.013
.037,.024
3.176,1.421
.127,.02
.0151,.0186
1261,530
6,4
.007,.028
8167,7314
.001,.009
879,2201
.026,2.065
.018,.038
.021,.024
.195,.112
598,384
898,1063
.092,.133
.42,10
2856,4548
134,207
0,.006
141,212
.09,.04
.0852,.156
6.991,2.57
.0937,.041
6.523,2.59
.129,.117
.0229,.009
.109,.048
3.207,15.8
.0621,.123
.0112,.016
.019,.144
.0168,.103
.003377,.008
6.3477,2.95
.253,.11
.00115,.016
.0805,.168
8.038,3.09
.0762,.04
.00416,.014
.0481,.022
.0732,.048
.0607,.036
.164,.085
.0203,.017
.0901,.045
.0617,.021
.333,.1
.0146,.023
.0707,.031
.00962,.006
.0314,.014
2.409,14.94
.0273,.013
.00239,.005
.135,.048
.074,.254
.0104,.496
.0208,.022
.0696,.037
5.756,3.41
16.68,9.696999999999999
.0986,.07
8.196,4.19
.174,.185
.0975,.048
.103,.049
5.796,2.94
.247,.117
.0043,.0061
.1408,.0101
.0533,.0084
.0139,.0085
.0066,.0086
.0531,.0089
.0536,.0096
.0242,.0086
.14,.01
.0202,.0084
.0067,.0086
.0545,.0097
.0223,.0131
.0767,.0091
.0044,.0061
.025,.0086
.0086,.0086
.031,.0088
.1273,.0146
.0066,.0086
.0247,.0078
.0043,.0061
.0164,.0128
.1402,.01
.1145,.0089
.033,.0094
.0088,.0086
.0309,.0088
.056,.0099
.0267,.0079
.1154,.0085
.0258,.0117
.0337,.0096
.1235,.0128
.0558,.0097
.075,.0081
.0127,.0117
.1145,.0089
.031,.0088
.1217,.0132
.0144,.0085
.0086,.0086
.0738,.0093
.0185,.0129
.0146,.0131
.0256,.0086
.0047,.0083
.0041,.0061
.007,.0086
.0159,.0113
.0032,.0083
.0083,.0129
.056,.0097
.0054,.0078
.025,.0111
.0066,.0086
.1275,.0146
.0139,.0085
.0313,.0088
.0045,.0061
.0201,.0084
.004,.0086
.1297,.0152
.1211,.0133
.0519,.0088
.021,.0085
.0739,.0084
.0243,.0086
.0032,.0086
.0148,.0085
.0156,.0119
.0084,.0086
.14,.0096
.0296,.0083
.1401,.01
.1168,.0138
.0532,.0084
.1303,.0153
.0536,.0096
.0244,.0085
.0048,.0077
.1239,.0151
.0164,.0128
.0769,.0091
.1296,.0152
.0338,.0137
.0032,.0083
.034,.0141
.0273,.0085
.0184,.0129
.0286,.0118
.0086,.0086
.011,.0112
.0316,.0088
.0137,.0085
.0213,.0122
.116,.0089
.0038,.0086
.004,.0086
.0116,.0132
.1155,.0089
.0336,.0137
.0333,.0094
.0039,.0086
.0081,.0129
.071,.144
.025,.029
.01,.03
.089,.026
.297,.08
.05,.042
.156,.082
.116,.058
.039,.039
.303,.071
.349,.06
.225,.112
.029,.036
.24,.027
.054,.174
.608,.144
.16,.125
.174,.046
.244,.128
.084,.041
.003,.028
.194,.161
.326,.154
.139,.106
.222,.078
.233,.115
.163,.05
.11,.094
.139,.048
.05,.02
.148,.122
.301,.041
.025,.044
.022,.027
.00039,.00091
0,.00095
.01516,.00254
.00006,.0009
.00192,.00081
.00021,.00095
.00184,.001
.00131,.00076
.01114,.00398
.00006,.00091
.00186,.00074
.00269,.00195
.0941,.106
.539,.529
.6,.387
.183,.147
.231,.093
.162,.359
.318,.386
.704,.3
.027,.026
.022,.106
.16,.101
.647,.273
.031,.038
.033,.034
.055,.048
.059,.014
.057,.03
.194,.073
.122,.046
.089,.051
.106,.038
.1,.042
.09,.065
.122,.046
.109,.047
.089,.051
.106,.038
.0329,.018
.529,.6850000000000001
.03,.01
.35,.21
.362,.00963
.13,.07
.153,.239
.58,.16
.66,.37
.14,.26
.04,.02
.92,.224
.03,.01
.125,.0543
.74,.83
.97,.25
.84,.26
.635,.107
.237,.092
.1,.159
.003,.032
.004,.033
.675,.033
.167,.11
.128,.079
.68,.033
.6860000000000001,.032
.293,.109
.589,.078
.132,.079
.233,.089
.673,.028
.015,.033
.071,.156
.694,.032
.603,.077
.635,.105
.286,.107
.177,.111
.013,.033
.157,.078
.159,.088
0,.024
.067,.084
.258,.088
.5590000000000001,.367
.004,.003
.003,.002
.018,.033
.733,.353
.658,.254
.072,.038
.089,.212
.22,.07
.005,.002
.113,.08
.003,.002
.01,.043
.032,.029
.004,.001
.004,.024
.001,.003
.039,.041
.015,.056
.034,.027
.001,.002
.008,.002
.037,.099
.21,.104
.062,.036
.066,.042
.059,.046
.106,.05
.125,.07
.094,.065
.014,.026
.056,.029
.027,.083
.005,.003
.004,.002
.088,.069
.002,.001
.095,.04
.072,.034
.028,.026
.006,.002
.259,.064
.337,.043
.281,.098
.051,.035
.332,.056
.367,.065
.357,.066
.09,.071
.081,.04
.011,.009
.037,.013
.336,.043
.021,.014
.108,.034
.141,.038
.056,.03
.176,.071
.38,.077
.384,.241
.045,.012
.275,.061
.075,.043
.8129999999999999,.518
.036,.011
.111,.045
.035,.014
74,16
17,7
5.96,8.41
157,99
105,56
18.07,3.82
121,41
16.14,7.64
31.77,12.95
7,1
91,13
82,2
91,59
54,47
16,32
69,22
6,10
69,15
35,15
9,10
56.5,11.69
13.37,8.99
1,11
55.54,16.43
21,10
112,39
154,23
81,52
66,15
66,19
90.48,16.6
7,10
137,72
130,69
51,10
79,32
21,4
36,5
12,12
67,14
82,73
83,22
9.140000000000001,8.09
22,40
72,48
82,20
11,8
167,51
76,12
112,34
35,68
145,53
.0059,.0051
.0127,.0048
.1192,.8913
.1426,.806
.0007,.0028
.0137,.0049
.0049,.0635
.1884,.0635
.007,.0048
.0055,.0044
.0147,.0629
.1607,.0522
.0854,.064
.8686,1.103
.0089,.0042
.3401,.7896
.0069,.0049
1.0555,.4701
1.0554,.4701
.0042,.0011
.005,.0042
.0004,.0029
.9562,.7029
.7385,.6262
.0004,.0029
.1954,1.1058
.118,.0627
.0008,.0049
.2083,.0632
.0869,.0365
.0007,.0028
.032,.9344
.3382,.8108
.0869,.0365
.0029,.0049
.0053,.004
.0167,.0049
.032,.9344
.7989000000000001,.8397
.0883,.0634
.0067,.0051
.1206,.8204
1.0909,.8195
.1321,.0553
.0018,.0013
.9562,.7029
.7383,.6262
.1321,.0553
.0124,.004
.7063,1.0724
.0024,.0051
.0089,.0042
.7427,.6718
.0055,.0044
.8953,.7969000000000001
.0458,.04
.736,.0703
.192,.077
.0359,.0584
.174,.0911
.31,.0858
.445,.127
.265,.0688
.0619,.0756
.152,.33
.0151,.307
.00114,.156
.271,.157
.342,.144
.211,.0729
.273,.196
.725,.059
.153,.0434
.511,.208
.144,.0837
.408,.152
.0943,.124
.156,.0798
.375,.145
.743,.175
.00242,.016
.0552,.0262
.702,.0795
.0356,.0942
.171,.0972
.623,.222
.354,.105
.198,.253
.165,.108
.0948,.202
.0976,.0811
.15,.128
.581,.072
.427,.17
.167,.172
.577,.06511
.217,.34
.273,.104
.278,.0977
.0756,.198
.338,.229
.0318,.0876
.483,.731
.341,.102
.199,.18
.526,.088
.744,.35
.0427,.0385
.284,.1
.738,.0729
.295,.142
.153,.0428
.317,.217
.26,.131
.0124,.07
.536,.263
.297,.126
.00433,.379
.582,.318
.083,.19
.131,.181
.0942,.239
.678,.446
.579,.317
.18,.0608
.298,.178
.00643,.0158
.153,.0839
.0671,.161
.13,.196
.166,.0878
.5,.179
.00982,.0703
.0249,.147
.54,.19
.277,.122
.799,.35
.326,.289
.203,.113
.167,.312
.228,.387
.698,.096
.387,.138
.0921,.141
.12,.0717
.375,.129
.0568,.0262
.1,.06
.202,.06
.334,.062
.441,.063
.314,.062
.114,.061
.434,.061
.521,.063
.018,.06
1.77,.26
2244.3,656.96
2.38,.21
2996.73,1335
.61,.48
.08,.06
2.22,.46
.44,.05
.1,.03
2052.39,1567.93
.29,.05
.07,.06
.4,.03
2426.4,750.24
.47,.04
.16,.06
.0011,.0015
.0001,.0014
.0003,.0005
.5652,.0137
.0017,.0012
.0008,.0014
.0043,.0016
.0005,.0015
.0011,.0015
.0014,.0027
.0042,.0018
.5245,.0172
.5247000000000001,.0172
.0048,.0028
.0044,.0018
.0008,.001
.0025,.0024
.0022,.0017
.0037,.0021
.524,.0172
.0043,.0016
.0002,.0015
.0046,.0018
.0053,.0019
.0016,.0016
.0044,.0018
.0035,.0015
.0032,.0016
.0037,.0021
.0094,.0026
.5241,.0173
.0001,.0016
.0011,.0017
.0007,.001
.0008,.0014
.0006,.0018
.0049,.0017
.0031,.0019
.5238,.0172
.063,.0023
.0056,.0024
.0002,.0014
0,.0004
.0008,.0015
.0011,.0015
.005,.0019
.5233,.0173
.0046,.0018
.0024,.0022
.0073,.0024
28,38
15,20
9,38
6,23
64,48
23,19
72,73
23,32
33,18
168,443
7,13
119,66
20,21
43,25
3,31
55,25
82,49
388,263
48,51
154,68
4,20
683,336
74,34
5,28
79,34
37,37
12,14
32,32
17,75
42,21
14,59
8,11
12,33
11,15
13,24
34,15
56,26
72,29
12,37
.03,.039
.069,.036
.082,.045
.004,.075
.006,.022
.03,.26
.034,.015
.041,.041
.036,.015
.111,.026
.11,.026
.005,.033
.031,.038
.107,.05
.036,.012
.034,.012
.002,.014
.045,.079
.096,.048
.067,.043
.014,.038
.09,.039
.044,.027
.035,.012
.11,.026
.028,.043
.025,.014
.124,.084
.097,.04
.245,.194
.051,.031
.117,.029
.124,.049
.016,.028
.1,.047
.086,.045
.065,.054
.034,.042
.111,.23
.046,.038
.104,.026
.057,.042
.096,.047
.112,.049
.11,.026
.145,.009
725,82
11292,2670
.098,.016
.201,.011
.053,.014
.13,.015
.274,.016
.076,.013
.159,.033
.958,.038
356,88
2437,388
11703,410
.124,.016
.137,.018
.182,.024
.233,.012
.006,.015
.077,.015
.002,.008
.03,.015
.05,.015
.12,.018
.153,.017
.106,.015
.124,.014
.179,.013
.007,.003
681,93
56,386
.167,.024
.078,.008
.079,.016
.026,.01
1279,85
.051,.015
.121,.011
13676,4278
767,295
.026,.011
9090,401
.105,.016
.078,.016
26,48
.131,.008
1808,1630
.079,.008
.009,.003
.027,.029
.092,.015
.273,.016
.08,.017
.006,.003
.242,.016
.05,.015
1.036,.031
10768,420
.068,.019
.002,.005
.117,.013
2093,513
.006,.006
98,37
.034,.007
148,42
.129,.014
.8169999999999999,.031
.21,.017
1050,59
704,209
.003,.006
.779,.116
.03,.015
.079,.023
.176,.014
.151,.017
.803,.121
61,35
.024,.005
.017,.017
.883,.123
.123,.016
.22,.037
.126,.014
.082,.008
1511,192
153,40
942,148
.031,.009
.009,.015
.069,.008
.046,.009
4894,785
.051,.015
.365,.016
.424,.017
.192,.036
.132,.011
2460,2975
.044,.019
1055,137
343,65
.004,.003
1218,74
0,.002
.002,.003
375,48
.011,.003
173,25
