.164,.146
.012,.015
.107,.182
.152,.093
.008,.017
0,.009
.027,.019
.003,.011
.019,.033
.2,.092
.011,.021
.07,.108
.027,.034
.013,.017
-.022,.012
10.54,22
.01,.014
.004,.013
.036,.024
.275,.23
.102,.085
.008,.017
.0314,.029
.062,.028
.0274,.032
.005,.016
1,.52083333
1,1.369863
1,.46511628
1,1.4285714
1,.98039216
1,.33557047
1,.2739726
1,.68027211
1,.83333333
1,.33670034
1,.2739726
1,.42016807
1,.390625
1,.18281536
1,.23041475
1,.78125
1,.39840637
1,.3875969
1,1.1764706
1,.4587156
1,.28571429
1,.39840637
1,.51546392
1,.41493776
1,.43290043
1,.52910053
1,.32051282
1,1.5873016
1,1.3888889
1,.30674847
1,.43859649
1,1.2820513
1,.19880716
1,.4587156
1,.58139535
1,.29673591
1,.86956522
1,.23041475
1,.34013605
1,.62893082
1,.31152648
1,.3968254
1,.34843206
1,2.3255814
1,.28901734
1,.54945055
1,.68493151
1,.40322581
1,.80645161
1,.46296296
1,.35460993
1,.3257329
1,.78740157
1,.33557047
1,.35087719
1,.7518797
1,.7352941200000001
1,1.0204082
1,.18621974
1,.3021148
1,.37878788
1,.33898305
1,.68965517
1,.7518797
1,.625
1,.93457944
1,.31446541
1,.19193858
1,.33670034
1,.48309179
1,.28901734
1,.41841004
1,.33783784
1,.26385224
1,.29673591
1,.44444444
1,.27322404
1,.38022814
1,.54945055
1,.29239766
1,.39525692
1,.54054054
.38,.2
.001,.002
.484,.143
.708,.181
.71,.289
.018,.006
.003,.012
.876,.022
.013,.03
.001,.002
.023,.03
.052,.056
.025,.016
.019,.005
.349,.141
.001,.001
.003,.012
.018,.005
.001,.001
.04,.009
.763,.105
.335,.136
.708,.154
.054,.069
.121,.069
.019,.006
.363,.086
.455,.147
.013,.005
.667,.098
.047,.006
.007,.006
.186,.165
1.348,.6850000000000001
.051,.059
.001,.001
.001,.002
.004,.01
.018,.005
.45,.131
.001,.001
.019,.005
.422,.135
.251,.135
.052,.056
.027,.024
.291,.392
1.348,.388
.183,.183
.33,.474
.018,.005
.042,.006
.33,.425
.018,.005
.042,.01
.002,.014
.854,.194
.005,.029
.002,.0001
.757,.103
.0014,.0001
.018,.006
.467,.148
.413,.223
.228,.184
.804,.315
.125,.061
.002,.005
.484,.143
.518,.142
.351,.138
.277,1.609
.006,.006
.851,.201
.363,.225
.73,.8139999999999999
.518,.142
.006,.006
.211,.11
.644,.142
.006,.003
.001,.001
.006,.006
.21,.113
.026,.01
.334,.085
.291,.071
.184,.114
.014,.019
.793,.32
.061,.079
.387,.088
.73,.11
.45,.131
.665,.154
.038,.009
.042,.009
.1762,.124
.1864,.0548
.0575,.0965
-.1703,.1576
.0274,.074
.2228,.1099
.1618,.0744
.1528,.1742
.011,.0026
.0082,.0026
.0112,.0025
.0068,.0027
-.0005,.0019
.0227,.0666
.0009,.0019
-.0006,.0021
-.0299,.015
-.0704,.0206
.0095,.0043
-.0569,.0221
-.0009,.0018
.0069,.0773
-.0006,.0018
.0044,.0032
.0347,.0661
.0013,.0018
-.0203,.0633
.0104,.003
-.0297,.0165
-.0016,.0021
-.0087,.06
.0103,.0032
-.0007,.0019
.0074,.0025
.001,.0017
.0087,.0031
-.0189,.0244
.044,.0598
.024,.0562
-.0512,.0139
-.0626,.0167
.0072,.0028
-.0005,.0132
-.0019,.0194
.0082,.0657
.0341,.0608
.0252,.0614
.0006,.0014
.0004,.0018
-.059,.0165
-.0253,.0226
.0595,.0622
.041,.019
.004,.004
.003,.003
.074,.037
.056,.016
.106,.022
.034,.015
.042,.013
.576,.014
.003,.004
.639,.178
.586,.019
.055,.017
.004,.003
.08,.016
.112,.005
.001,.002
.13,.008
.599,.024
.037,.018
.001,.003
.642,.024
.124,.006
.65,.013
.218,.031
.07,.024
.074,.022
.053,.023
.017,.03
.066,.013
.071,.022
.076,.022
.038,.032
.094,.013
.158,.023
.041,.023
.046,.026
.136,.02
.173,.018
.082,.022
.143,.016
.081,.021
.168,.021
.011,.011
.048,.023
.048,.03
.085,.027
.124,.014
.145,.024
.011,.011
.112,.022
.144,.017
.128,.019
.063,.012
.09,.012
.151,.017
.07,.022
.039,.011
.039,.023
.092,.021
.024,.033
.024,.012
.183,.026
.0078,.011
.034,.023
.153,.02
.004,.011
.12,.014
.153,.0149
.177,.019
.197,.028
.043,.012
.021,.011
.034,.023
.032,.023
.013,.011
.072,.022
.17,.019
.168,.02
.423,.057
.305,.126
.266,.039
.232,.072
.238,.061
-1.278,.148
-.021,.004
-.018,.006
-.021,.006
-.015,.007
-1.213,.362
-1.135,.249
-1.019,.405
-.013,.007
.24,.069
.288,.035
-.825,.468
.235,.052
.232,.077
-1.221,.331
-.019,.008
-1.223,.323
-.036,.004
-.023,.007
-1.121,.167
.207,.072
-1.137,.309
.138,.072
-.035,.004
.022,.011
-.576,.41
-.052,.18
-.041,.039
-.022,.012
-.114,.072
-.006,.033
-.001,.011
-.021,.042
.877,.461
.027,.016
.391,.501
.968,.944
-.012,.007
-.149,.233
-.037,.014
.017,.026
.008,.025
-.5679999999999999,.548
.119,.282
-.04,.017
-.047,.021
.155,.93
1.398,.878
.006,.011
-.731,.347
-.014,.025
.03,.013
-.021,.007
.541,.767
.715,.467
1.562,1.34
.825,.465
-.027,.05
.783,.8
.041,.016
1.301,.8129999999999999
.018,.011
.15,.499
-1.29,2.373
-.041,.016
.003,.02
-.047,.021
.019,.014
.034,.018
.002,.008
-.25,.174
-.011,.013
1.425,.653
-.026,.015
-.126,.262
-.768,.483
.021,.014
2.009,1.367
-78.09999999999999,95.09999999999999
.1385,.089
.2273,.0862
.1287,.0667
.1027,.0476
.167,.0701
.1163,.0503
-88.90000000000001,91.59999999999999
.0319,.0128
-.0342,.018
-.099,.0472
.0881,.0975
-.0518,.0528
.1018,.0973
.0323,.0138
-.0547,.052
-.0313,.0136
-.0794,.0961
.1404,.0966
.2664,.0951
.1359,.0645
-.1303,.0603
.1349,.0594
-.0506,.0457
-.0441,.0197
.0148,.0587
-.0911,.116
-.0318,.0144
.15,.02
.15,.01
0,.01
.15,.02
0,.01
.08,.03
0,.02
.15,.02
.03,.02
.14,.05
0,.01
.05,.02
.15,.02
0,.02
-7.44,.016
-.68,.015
-3.55,.022
-5.75,.013
-2.65,.014
-.86,.011
-2.59,.021
-2.38,.012
-3.15,.022
.062,.06
.077,.09
.008,.005
.094,.076
.009,.086
.186,.066
.004,.017
.089,.057
.3014,.02
.017,.056
.006,.017
.083,.057
.287,.069
.282,.064
.053,.02
-2.594,1.567
-2.623,2.421
-2.035,1.255
-6.425,3.501
-1.532,.357
-.196,.05
-4.614,1.161
.146,.044
.148,.044
.011,.009
.024,.012
.24,.082
.012,.027
.012,.027
.012,.005
.171,.07
.131,.448
.004,.01
.023,.024
.486,.325
.01,.006
.2482,.283
.743,1.852
.024,.012
.223,.075
.014,.004
.009,.007
.127,.451
.014,.004
.071,.04
3.712,.971
.041,.041
3.23,5.961
2.056,5.587
.459,.138
.8159999999999999,3.313
.036,.032
-.017,.147
-1.291,3.766
-.178,.069
.075,.016
.04,.017
-.037,.004
-.072,.015
.078,.019
-1.776,.906
.045,.024
.05,.03
-.163,.078
0,.013
-1.556,.719
-1.493,1.289
-.002,.018
-.119,.067
-.019,.014
-.001,.013
.06,.028
.048,.023
-.172,.08
-.727,.58
-.008,.017
-.008,.009
-46.6,61.8
18.7,220.8
116,23
38.3,43
.004,.002
38.5,44.5
3.12,26.3
-.098,.09
-7.68,40.1
.002,.0033
-75.7,98.8
-54.3,69.90000000000001
.0013,.0091
20,11
24,8
-.018,.015
5.56,17.8
-.04,.028
.0013,.0065
.001,.001
52.6,75.90000000000001
-.13,.19
34.5,21.9
-.019,.065
.004,.0037
.58,1.34
-.00047,.0018
-20.8,32.9
-.0049,.0073
.0085,.0033
-.017,.021
62.2,47
-.0062,.035
-.006,.033
-.44,.29
.003,.002
.001,.002
.001,.002
5.72,13.2
-.048,.031
-18.2,24.3
-100.3,51.7
42,10
-13.8,89.3
62.3,38.4
-56.6,51.3
.008,.003
-.0057,.0063
-.001,.003
-.001,.0019
-.021,.018
33,12
43.2,40.8
-56.9,80.59999999999999
-.0021,.013
.19,.1
-.033,.024
-.0073,.0062
71.3,41.9
72,20
.068,.11
9,7
-.095,.073
39,11
.002,.002
-.037,.25
-.12,.11
.0086,.024
5.71,6.13
46,13
-.012,.028
.0031,.0017
-.033,.018
24,7
-8.029999999999999,50.8
115.6,23.3
.017,.0094
.0037,.0038
.001,.002
-.031,.0081
26.2,49.5
.0013,.0075
27,118.4
.002,.002
.001,.001
.016,.15
122,31
.0033,.0045
58.8,79.3
.004,.0037
.003,.025
27.2,23.5
5.9,6.72
-50.6,34.9
-2.64,73.5
32.6,20.8
86.40000000000001,42.7
122.2,31.4
.021,.05
73.40000000000001,76.8
51.7,118.3
-.001,.002
3.7,5.16
.4414,.9036999999999999
.489,1.072
.0111,.0056
.0099,.0054
.0119,.0057
.7981,1.0379
.015,.0064
.5141,.9494
.0576,.5298
.0162,.0066
.0999,.5521
.0082,.0056
.0168,.0062
.0103,.0051
.4304,1.0767
.0014,.0127
.0111,.0054
.3105,.9051
.0141,.5391
.0074,.0134
-.052,.0019
-.046,.003
.045,.0016
.206,.015
.105,.0028
.073,.0023
-.127,.0038
-.051,.0021
-.158,.0126
.044,.0032
.084,.079
.033,.063
-.035,.048
.083,.043
.056,.026
.006,.007
-1.563,.435
.082,.031
-.041,.065
.235,.123
-.03,.039
-.062,.056
.004,.039
.047,.063
.122,.08
.001,.007
.076,.044
-.017,.064
.031,.048
.325,.299
.037,.045
-.092,.044
.169,.411
-.111,.071
.138,.452
.016,.056
.096,.039
.096,.031
.004,.006
-.01,.022
-.002,.05
0,.027
.08,.063
.123,.057
-.014,.045
.024,.023
-.067,.326
.368,.513
.011,.011
.104,.038
-.007,.052
-.009,.011
-.023,.063
.142,.064
.036,.021
.057,.052
-.022,.038
-.058,.061
.346,.539
-.074,.054
-1.022,.348
.077,.03
.128,.384
.031,.065
.027,.02
.036,.061
-.012,.053
-.056,.067
-.067,.054
.054,.025
.014,.223
.116,.44
28.4,32.4
.042,2.635
45.63,386.404
10.705,40.006
12.649,14.739
.146,.058
.013,.067
19.115,16.254
9.263,20.9
.195,.051
3.13,9.958
.841,1.231
190.733,624.268
1.99,1.78
.036,.033
14.185,17.005
290.871,389.672
1.49,1.855
1.038,1.515
1.41,1.0723
7.737,10.927
3.251,1.501
693.472,888.528
591.298,561.586
591.298,561.586
.099,.07
.17,.047
214.943,843.873
40.006,556.379
.19,.078
749.193,1309.71
2.319,1.86
.077,.036
.056,.069
.078,.029
-.023,.008
-.012,.004
.005,.073
-.048,.172
-.143,.004
.004,.004
.9429999999999999,.333
.055,.03
-.142,.004
-.439,.707
-.095,.006
-.168,.009
-.092,.07
-.209,.074
-.236,.062
.002,.006
.005,.003
.06,.026
.079,.033
.001,.005
-.03,.007
.068,.024
-.343,.183
.46,.523
.114,.14
.023,.032
.082,.027
-.006,.007
-.097,.348
-.5580000000000001,.292
.004,.005
-.201,.084
-.002,.007
.005,.007
-.252,.066
.003,.003
-.001,.053
.004,.003
-.292,.232
-.027,.007
.066,.036
-.031,.007
.003,.006
.904,.273
.464,.261
.005,.003
-.031,.01
.132,.544
-.031,.5570000000000001
-.063,.093
2.183,.782
-.152,.005
.27,.177
2.961,.844
.433,.089
-.178,.004
.266,.108
1.048,.275
-.003,.008
-.176,.009
-.109,.007
-.095,.006
.141,.31
-.515,.189
-.147,.538
-.019,.004
.071,.005
.21,.071
.064,.024
-.046,.08
-.148,.005
-.08,.075
-.018,.004
-.266,.068
.003,.002
-.06,.032
-.546,.6
.051,.03
.005,.003
-.01,.007
.088,.074
0,.003
1.087,.74
.086,.034
1.263,.762
.062,.025
.002,.003
2.297,.756
.048,.03
.461,.371
-.351,.181
.06,.028
.005,.003
-.07,.036
.065,.028
.151,.108
-.139,.004
-.013,.004
-.068,.031
2.757,.998
.009,.008
-.014,.003
.171,.071
.059,.25
-.369,.241
-.065,.037
.237,.044
.152,.035
.314,.8100000000000001
.319,.098
.114,.024
.259,.069
.094,.14
.094,.023
.8,.147
.098,.024
.094,.034
.369,.095
.033,.007
.407,.057
.257,.055
.146,.064
.596,.112
.252,.076
.5669999999999999,.105
.641,.11
.196,.115
.152,.114
.02,.023
.514,.122
.028,.005
.055,.08
.424,.098
.118,.022
.338,.055
.016,.007
.021,.033
.217,.044
.697,.103
.086,.018
.296,.05
.288,.09
.274,.103
.427,.16
.126,.069
.353,.053
.095,.078
.07,.037
.07,.022
.381,.068
.314,.092
.527,.102
.001,.013
.541,.104
.5669999999999999,.098
.103,.077
.316,.059
.353,.048
.665,.126
.322,.072
.014,.011
.381,.069
.054,.023
.528,.098
.427,.158
.162,.074
.166,.034
.992,.151
.137,.021
.257,.123
.424,.091
.111,.034
.8,.126
.288,.082
.528,.081
.527,.081
.665,.119
.146,.027
.514,.107
.095,.02
.113,.022
.452,.161
.184,.047
.338,.048
.183,.055
.373,.057
.33,.091
.596,.115
.33,.063
.098,.034
.36,.057
.641,.088
.442,.136
.992,.246
.442,.124
.292,.118
.388,.129
.136,.024
.166,.049
.407,.052
.136,.029
4.686,.794
1.737,.674
2.043,2.424
4.494,1.857
5.828,4.306
13.16,3.273
11.08,2.032
3.451,1.519
2.44,2.076
.131,.0963
3.046,1.424
3.282,1.314
.708,.231
1.247,1.249
2.127,.966
.837,.324
.0144,.285
15.79,4.26
14.52,5.331
.701,.709
.256,.301
9.872,3.319
5.952,3.27
.839,.78
1.988,.957
.127,.114
3.485,5.182
16.67,4.438
3.435,1.037
10.08,2.642
1.958,1.465
2.181,1.191
2.538,.917
.798,.008
1.037,.016
.027,.008
.063,.022
.081,.015
.08,.015
.012,.009
.017,.002
.004,.001
.071,.015
.082,.015
.018,.002
.004,.001
.019,.008
.019,.002
.019,.009
.872,.297
-.098,.861
-.78,.467
.016,.536
.002,.796
.779,.283
1.65,.805
1.652,.556
.5600000000000001,.612
-1.269,.513
.381,.63
.763,.576
.462,.656
-.545,.362
.862,.719
.317,.618
.491,.624
.489,.511
.012,.009
.04,.011
.011,.007
.039,.014
.049,.021
.018,.009
.012,.006
.035,.019
.037,.017
.002,.013
.006,.007
.044,.026
.001,.016
.034,.011
.042,.016
.01,.007
.049,.015
.021,.008
.033,.009
.03,.008
.005,.018
.003,.007
.008,.008
.004,.014
.044,.014
.025,.008
.002,.018
.022,.015
.046,.018
.009,.006
.006,.007
.029,.011
.013,.007
.017,.017
.006,.005
.001,.012
.003,.009
.006,.014
.049,.022
.0085,.014
.049,.015
.034,.007
.017,.017
.031,.009
.01,.023
.012,.02
.001,.015
.037,.017
.047,.02
.004,.027
.025,.008
.007,.01
.043,.008
.007,.004
.041,.009
.005,.009
.027,.004
.021,.01
.023,.006
.021,.01
.019,.007
.003,.012
.002,.015
.021,.017
.019,.021
.001,.013
7.22,1.19
.5,1.08
12.45,6.68
.02,.03
.06,.02
.009,.04
.03,.06
.04,.04
7.11,1.21
.1,.09
.12,.09
.04,.03
.19,.11
8.16,6.66
.001,.03
.03,.01
.15,.09
.03,.01
15.26,9.92
.01,.05
.1,.15
.02,.01
.06,.04
.001,.01
.01,.01
.06,.04
.04,.02
.04,.03
.04,.02
.001,.01
24.04,9.699999999999999
.05,.03
.01,.01
.05,.02
.001,.02
.05,.06
.12,.07
.06,.02
.05,.013
.07,1
.03,.02
.948,.6919999999999999
.05,.02
.02,.05
.25,.3
.05,.063
.01,.03
.572,.6879999999999999
.04,.02
.17,.05
.04,.04
.19,.11
.06,.07
.23,.02
.02,.04
.01,.015
4.72,1.07
.02,.004
.01,.03
.08,.02
.05,.04
.003,.02
1.33,1.53
.01,.01
.04,.01
.04,.04
.21,.14
.04,.02
-.045,.066
.389,.145
.167,.097
-.005,.139
.115,.104
.12,.057
.044,.054
.111,.075
.082,.031
.06,.125
.052,.054
.044,.045
.364,.605
.049,.068
.206,.119
.022,.073
.434,.079
.3084,.098
.154,.062
.111,.087
.121,.038
.109,.067
.057,.072
.989,.377
1.414,.698
.18,.065
.59,.34
.5659999999999999,.222
.098,.071
.08,.039
.626,.375
.068,.052
.027,.055
1.474,.905
.37,.347
.102,.06
.6,.317
.16,.096
.033,.021
.065,.035
1.246,.197
.179,.063
.088,.043
.059,.086
.043,.073
.042,.047
.001,.069
.185,.058
.338,.5639999999999999
.075,.101
.025,.08
.081,.09
.122,.115
.319,.25
.117,.052
.084,.045
.097,.087
.036,.072
.098,.054
.001,.061
.632,.328
.039,.053
.011,.076
.183,.069
.156,.083
.022,.13
.273,.078
.079,.054
.057,.084
.061,.047
3.072,1.35
.2,.162
.009,.031
.208,.075
.143,.144
.108,.053
.179,.053
.848,.041
.093,.05
.045,.053
.739,1.298
.286,.441
.063,.052
.78,.345
.102,.089
.367,.498
.699,.142
.242,.275
.025,.036
.454,.155
.041,.138
.18,.105
.085,.033
.116,.012
.132,.066
.316,.135
.015,.064
.042,.076
.051,.124
.088,.214
.048,.029
.154,.109
.096,.053
.338,.301
.07,.041
.121,.047
.038,.062
.059,.038
.051,.047
.649,.413
.072,.056
.155,.072
.088,.063
.024,.08
.052,.1
.654,.369
.441,.283
.318,.256
.133,.078
.137,.063
.086,.094
.13,.089
.235,.101
.017,.141
.3129,.052
.045,.066
.038,.095
.091,.045
.165,.045
.099,.105
.019,.086
.3044,.075
.994,.074
.072,.05
.17,.124
.123,.055
1.239,.381
1.052,.439
.043,.047
.075,.101
.204,.218
.103,.065
.001,.07
.086,.071
.14,.055
.083,.117
.176,.139
.03,.072
.015,.028
.315,.859
.108,.048
.428,.255
.072,.051
1.023,.116
.125,.031
.179,.058
.648,.148
.088,.048
.068,.033
.015,.026
.028,.068
.481,.547
.314,.134
.208,.13
.358,.14
.523,.195
.256,.141
.312,.101
.364,.105
.588,.147
.475,.157
.267,.101
.365,.137
.713,.219
.987,.339
-1.1,.44
5.96,2.4
1.71,.76
.0029,.0008
.89,.432
-.99,.46
.851,.316
1.77,.7
1.08,.084
-.92,.39
2.79,1.4
.922,.301
.766,.256
5.65,2.51
1.71,.65
.926,.326
5.16,2.2
.0038,.001
-.031,.018
.069,.038
.065,.039
.134,.062
.073,.022
.1,.062
.009,.022
.018,.024
.062,.022
.083,.066
.028,.022
.054,.062
.082,.056
.05,.063
.129,.062
-.01,.016
.055,.023
.065,.035
-.018,.01
.025,.001
-.84,.21
-19.4,20.1
.019,.007
-5.1,13.7
-.24,.14
.01,.04
-.019,.007
-.001,.005
.06,.62
-.04,.02
.06,.06
-.57,.12
-.03,.02
-.1,.05
-.19,.09
-.07,.02
.03,.02
-.14,.19
.38,.11
.03,.04
.3,.02
.11,.09
.1,.03
-.12,.04
-.33,.18
.32,.02
.55,.23
-.04,.02
.28,.15
.11,.09
.14,.15
.12,.06
.01,.01
-.08,.04
.28,.15
.2,.12
.11,.09
0,.04
.33,.11
.04,.14
.35,.02
.44,.12
-.12,.21
-.04,.02
-.08,.04
.03,.00049
.03,.03
.31,.14
.2,.11
.14,.08
.14,.15
-.01,.04
-.06,.06
.14,.08
.16,.09
.33,.11
.11,.09
.28,.14
.12,.23
.08,.03
.43,.13
.06,.12
-.15,.01
.44,.12
-.15,.01
-.27,.01
.43,.13
.03,.01
-.02,.03
.31,.14
.16,.09
-.31,.16
.55,.23
.39,.16
.12,.23
.28,.15
.03,.03
208,169
.03,.02
930,232
.01,2.04
.3,4
60,141
476,247
97,174
6.22,10.97
.1,.03
101,173
3.49,2.41
.04,.45
19.25,6.35
6.67,1.38
.02,.21
666,342
145,176
.03,.01
.23,2.91
.004,.03
.156,.009
.06,.06
1.29,.74
1.27,2.14
931,140
.065,.016
.83,.01
2.85,2.07
.02,.02
926,242
.03,.04
691,319
524,156
.06,.02
.06,.2
25.4,7.1
2.39,2.11
24,5.2
.001,.01
.74,1.31
.17,.01
.04,.01
.001,.02
392,145
.33,.25
27.4,18.5
18.87,4.29
.01,.02
11.42,4.76
.5,.42
59,146
177,174
.02,.32
.06,.06
.13,1.61
.06,.02
.5600000000000001,.44
2.3,3.6
.02,.02
16.02,4.21
18.4,9.699999999999999
1,281
.029,.0135
.07,.02
.05,.02
.02,.04
.08,.01
311,157
.08,.03
.03,.02
850,134
2.43,1.81
.04,.03
29.4,8.800000000000001
1.25,2.22
-3.47,70.83
162.77,445.52
-154.88,457.9
-3105.87,2689.11
-.002,.069
.187,.065
86.83,144.01
-503.18,1312.82
193.3,440.64
.02,.18
9.779999999999999,70.62
-341.73,109.88
2.29,71.26000000000001
-104.02,136.78
.01,.11
-7.8,65.59
-326.54,110.09
-.673,.246
.571,.222
-.752,.455
-.26,.238
.277,.175
.147,.138
-.091,.11
.417,.286
.328,.183
-.628,.405
.636,.418
-.944,.443
-.623,.307
.004,.005
-.018,.036
.893,.417
0,.06
-.225,.23
.026,.021
-.302,.154
-.191,.071
.029,.148
-.128,.421
.004,.01
.159,.095
.054,.014
-.5600000000000001,.241
1.139,.429
-.5600000000000001,.075
-.523,.248
.044,.013
.64,.387
-.331,.186
-1.935,2.807
.012,.019
-.018,.018
-.471,.245
-.523,.492
-.063,.212
-.839,.46
-.5629999999999999,.357
-.775,.487
-.642,.246
-.336,.379
.278,.179
.13,.153
-.09,.183
.074,.158
.05,.11
.011,.011
.243,.096
-.014,.018
.016,.018
1.03,.435
.012,.013
.005,.005
-.504,.266
.978,.384
.013,.011
-.798,.38
-.447,.283
-.482,.061
-.452,.287
-.242,.27
.5620000000000001,.198
.166,.359
-.305,.144
7700,1065
.393,.063
.004,.004
.073,.175
.009,.004
.098,.06
20.4,3.731
.011,.058
.135,.065
.013,.009
30.26,3.805
523,127
.014,.013
.008,.007
3.231,1.718
.109,.166
.238,.057
.022,.005
.01,.006
.166,.057
6.559,4.793
.011,.008
467,60
3833,524
.005,.007
.038,.011
.015,.014
.012,.01
.001,.006
4315,1420
.051,.023
3.083,1.278
1.551,2.735
1.92,834.2
.002,.005
0,.001
42.92,48.3
.197,.053
71.5,42.97
5.019,1.6
148.14,91.95
.071,.061
.038,.016
.197,.124
.034,.02
540,60
.33,.49
.016,.005
.001,.006
.013,.01
.012,2.41
452,70
657,63
.001,.005
.121,.113
4181,811
.009,.005
1.505,.156
.017,.017
5.174,1.518
.045,.045
.082,.076
.279,.096
.021,.005
439,60
.001,.007
3936,926
.001,.004
622,78
.01,.008
.011,.005
8.869999999999999,4.179
736.9,1216
.006,.038
.076,.079
56157,643
.024,.202
3.803,1.588
.237,.394
.038,.415
.002,.009
.003,.006
9.478999999999999,4.714
2.84,2.013
2808,508
5344,715
.004,.003
.007,.009
5.601,1.431
.007,.007
511,128
1.262,4.181
4.595,1.959
.028,.046
.002,.022
.035,.026
.006,.004
.027,.003
2020,688
16.28,7.925
.002,.007
2.68,1.599
7668,1253
.003,.007
.001,.005
.009,.003
557,77
.009,.018
14.3,7.518
.006,.006
10.2,1.104
.019,.008
3092,544
.158,.041
1.253,937.2
4839,1219
.572,.091
328,58
27.81,70.66
1.686,1.163
1.496,.162
484,157
.01,.009
.072,.031
404,64
.094,.091
.126,.191
2.539,3.343
.095,.112
.001,.002
1.16,1.767
1.354,.741
.058,.039
1.212,1.805
.095,.03
.1048,.159
.032,.044
.082,.201
.099,.069
.197,.081
.058,.041
.091,.066
.104,.193
2.184,2.925
.676,3.041
.089,.083
.139,.061
.007,.011
4.289,3.423
.491,.981
.348,2.681
.213,.096
.001,.003
.059,.031
.01,.005
.093,.061
.041,.033
.174,.05
.006,.025
.071,.039
.363,.203
.012,.017
.058,.013
.03,.06
.042,.021
.063,.065
.074,.062
.207,.081
.1,.077
.004,.006
.005,.021
.009,.045
1.556,1.971
.092,.084
7.477,2.655
.123,.083
.851,.304
10.151,2.6
.069,.141
.005,.006
.42,.146
.742,.187
.013,.017
.168,.057
1.391,.291
2.541,1.145
.341,.023
.5570000000000001,2.291
22.281,7.381
.042,.01
.021,.043
.002,.002
.002,.002
.068,.093
.026,.037
.147,.084
2.571,1.111
1.396,.731
.017,.018
.181,.077
.055,.098
.002,.012
.197,.078
.002,.059
.095,.03
.251,.024
.14,.063
.095,.03
.032,.05
.12959,.03781
4.413,1.82
.02,.017
.005,.014
.022,.023
2.554,1.242
.027,.016
.016,.011
.502,.542
5.538,2.079
1.292,.72
7.633,9.686999999999999
6.599,3.014
7.647,3.432
.012,.025
.153,.302
.017,.014
.239,.022
8.196,1.269
.468,.059
.055,.035
-1,7.6
-4.1,8.1
-.4,6.9
2.1,7.4
-7.4,8.6
2,6.7
-.042,.034
.172,.051
-.024,.011
.008,.013
.071,.043
.052,.021
-.001,.025
-.011,.009
-.021,.025
-.029,.015
-.006,.005
.033,.09
.073,.032
.028,.021
.224,.054
.052,.014
-.003,.005
.094,.035
.085,.041
-.004,.008
.159,.044
-.019,.051
-.009,.013
.019,.03
.176,.061
-.027,.038
.072,.039
-.161,.051
-.014,.032
.055,.019
.091,.021
-.038,.021
.541,.031
.046,.054
-.091,.022
-.002,.024
.003,.011
.02,.025
-.033,.044
.018,.004
.677,.37
-.14,.174
.051,.035
-.014,.019
.187,.026
.654,.064
.358,.043
.187,.027
.489,.28
.073,.022
-.003,.009
.073,.025
.337,.011
.048,.034
.336,.011
.001,.012
.38,.044
.008,.01
.046,.161
.642,.064
-.007,.02
-.001,.009
3.82,1.69
.4,.53
.63,.6
1.11,.58
2.61,1.45
.35,1.39
3.22,1.15
5.19,.47
14,1.29
.48,.27
1.37,1.59
2.91,1.38
1.08,.49
1.76,.74
8.65,1.13
85.81,1.24
.15,.42
3.65,1.35
1.5,1.81
.08,.82
.91,1.48
.27,.38
4.13,.99
6.23,1.44
6,.86
3.79,1.81
2.596,1.52
.77,.45
8.75,.99
2.68,1.29
.51,.51
4.71,1.06
.49,.57
.62,.28
2.33,1.99
13.15,1.13
.87,.647
2.48,1.24
4.47,2.54
.6899999999999999,.3
6.49,1.16
1.13,.75
.26,.3
.35,.64
2.71,2.09
-.012,.038
-.005,.006
.12,.06
.48,.19
.257,.191
.002,.009
.082,.041
-.104,.207
-.017,.023
-.024,.011
-.001,.042
-.235,.098
-.136,.208
-.024,.026
-.045,.072
-.002,.034
.053,.054
.034,.022
-.139,.074
.018,.059
.011,.023
.143,.056
-.044,.052
.013,.014
-.097,.03
-.021,.013
.04,.05
-.003,.022
.046,.022
.203,.088
.53,.19
-.094,.048
-.114,.058
.006,.021
-.05,.043
-.34,.13
-.028,.021
-.4,.14
-.048,.034
.062,.035
-.07,.26
-7.19,.8179999999999999
-.091,.011
.085,.02
-.075,.013
-.1,.03
-.42,.26
-.47,.31
.082,.024
.072,.022
-.08,.03
-.75,.19
-.235,.013
-.079,.014
-.029,.01
-.8,.21
-.11,.03
-.12,.02
.03,.3
.035,.037
-1,.2
-.89,.19
.0148,.004
.005,.002
.004,.014
.004,.002
.005,.003
.0074,.003
.028,.004
.112,.013
.008,.003
159.7,23.72
.005,.002
.042,.004
.15,.014
.00001,.00003
.007,.003
.004,.004
.0001,.0002
.154,.014
.038,.018
.021,.011
.002,.0003
.002,.009
73.5,29.2
.008,.002
3.84,.5639999999999999
.0153,.004
.019,.005
.019,.014
28.3,41.01
.004,.003
.001,.001
.014,.007
.011,.005
.002,.003
1.4,.569
66.67,15.22
.002,.002
.004,.002
.016,.009
.0005,.0009
.0007,.002
.0001,.0002
78.8,15.98
.0002,.001
.081,.01
.17,.016
.0002,.0004
.018,.005
.01,.006
.001,.005
.0006,.0004
.001,.001
.0005,.002
.001,.004
.0003,.00004
.004,.008
.0128,.051
.01,.006
.003,.001
.003,.002
.001,.004
25.9,7.33
.001,.01
.001,.001
.006,.012
.005,.002
.0001,.001
.14,.014
.134,.074
.112,.014
.191,.024
.214,.022
.215,.022
.029,.016
.46,.017
.237,.085
.193,.024
.106,.034
.113,.011
.128,.015
.112,.011
.117,.009
.118,.009
.117,.009
.107,.035
.125,.015
.107,.035
.113,.014
.119,.008
.113,.011
.213,.085
.113,.014
.118,.008
.124,.015
.119,.008
.157,.075
.041,.016
.034,.017
-.004,.07
.014,.01
.192,.08
.039,.02
365.104,371.02
.136,.06
.142,.05
.315,.11
.143,.28
.07,.03
.234,.06
-.004,.04
268.175,103.58
-.128,.07
.018,.24
-.005,.03
-.062,.07
.008,.03
.195,.06
.305,.14
.698,.32
.014,.06
-.014,.01
.144,.07
0,.04
-.009,.01
.001,.02
.6889999999999999,.25
.118,.06
-.009,.006
.012,.01
.0469,.017
-.0045,.008
.018,.023
.0056,.005
-.0083,.009
.04,.014
.019,.023
.04,.014
-.0117,.007
.022,.023
.0061,.009
.0032,.009
-.016,.012
.00903,.011
.0348,.012
.0523,.021
-.0133,.008
.049,.009
.0042,.006
.0075,.006
.008,.007
-.016,.012
.167,.02
-.016,.012
.001,.009
.042,.014
.0421,.023
-.0016,.005
-.0024,.004
.0117,.007
.001,.009
-.0115,.005
.003,.009
.0583,.024
-.109,.045
.221,.173
.224,.133
-.017,.058
-.014,.029
-.096,.045
-.023,.053
.253,.132
-.024,.039
-.078,.042
.263,.156
.01,.011
-.001,.031
-.038,.035
.002,.006
.037,.012
.001,.002
.003,.002
.002,.002
.002,.003
.0001,.003
.001,.001
.005,.006
.001,.001
.006,.002
.029,.012
.001,.001
.022,.015
.005,.002
.002,.003
.058,.037
.292,.069
0,.001
-.036,.033
.184,.052
-.004,.006
.222,.052
.119,.044
.081,.02
.262,.027
-.069,.021
-.149,.03
.153,.037
.104,.028
.141,.048
.007,.016
-.184,.038
.003,.048
.065,.038
-.04,.031
.17,.055
.001,.055
-.015,.026
.036,.021
.339,.042
.023,.032
.35,.075
.089,.031
.062,.028
.009,.03
.196,.065
.077,.028
.14,.05
.03,.013
-.02,.103
-.131,.031
.211,.027
.061,.032
.098,.044
-.109,.024
.057,.033
.166,.048
-.024,.037
.012,.03
.279,.06
.338,.051
.004,.038
-.011,.02
.099,.024
-.013,.022
.085,.059
-.049,.035
.013,.006
.051,.041
.395,.146
.215,.046
-.035,.052
.036,.024
.174,.035
.143,.02
.283,.059
.263,.058
.11,.04
.06,.035
.022,.067
-.075,.038
-.014,.016
.238,.043
.121,.043
-.19,.034
.057,.022
.95,.195
-.011,.031
.199,.033
.009,.047
.03,.013
-.102,.039
.204,.037
-.09,.032
.125,.039
.087,.04
.165,.042
.202,.075
50.8,2.6
.12,.14
50.6,1.3
4.8,.9
30.7,1.3
4.9,1.3
10.9,1.1
1.9,.4
18.2,2
.004,.051
24.9,.7
.34,.15
1.76,.4
3.86,.7
5.6,1.3
90.3,4.3
64.90000000000001,.8
2.6,.41
2.8,.4
4.8,.67
.099,.002
.155,.005
.15,.008
.191,.008
.348,.005
.197,.006
.255,.006
.837,.02
.426,.015
.085,.001
.262,.004
.25,.005
.136,.007
.519,.016
.088,.008
.293,.01
.291,.003
.213,.009
.448,.011
.119,.009
.383,.009
.083,.001
.334,.006
.494,.018
.194,.006
.236,.007
.316,.005
.346,.005
.08,.004
.297,.549
.43,.445
.348,.424
.722,.344
.464,.211
.128,.377
.777,.197
.191,.221
.007,.356
.1,.371
.024,.155
.062,.201
.079,.154
.207,.26
.464,.507
.313,.356
.138,.39
.25,.0203
.221,.361
.923,.415
.266,.369
.404,.276
.278,.219
.418,.285
.23,.279
.838,.2941
.22,.136
.298,.283
.022,.383
.523,.326
.3651,.225
.284,.291
.514,.29
.261,.506
.047,.369
.135,.279
.088,.142
.326,.198
.833,.448
.274,.193
.039,.332
.268,.388
.128,.293
.698,.397
.204,.193
.128,.358
.203,.389
.226,.319
.084,.127
.306,.283
.316,.16
.304,.151
.062,.355
.026,.128
.505,.363
.374,.277
.047,.112
.522,.349
.292,.27
1.287,.356
.034,.104
.065,.31
.069,.106
.08,.122
.552,.337
.033,.137
.052,.192
.043,.187
.186,.192
.202,.184
.225,.111
.079,.29
.555,.361
.069,.122
.362,.201
.489,.136
.908,.412
.051,.138
.471,.298
.699,.189
.386,.208
.338,.361
.025,.289
.048,.377
.114,.149
.094,.195
1.918,.479
.877,.553
.064,.523
.156,.253
.103,.206
.084,.222
.124,.367
.229,.336
.238,.171
.045,.376
1.246,.486
.18,.139
.652,.323
.9320000000000001,.5570000000000001
.08,.134
.104,.137
.052,.13
.049,.271
.425,.376
.621,.26
.053,.375
.12,.151
.172,.133
.372,.408
.334,.143
.034,.291
.213,.305
.196,.179
.363,.307
.331,.11
.136,.194
.345,.116
.13,.127
.343,.41
.706,.452
.065,.131
.416,.278
.064,.109
.18,.2
.832,.481
.421,.295
.071,.188
.05,.267
.402,.295
.179,.188
.24,.302
.871,.136
.049,.133
.036,.147
.124,.103
.025,.131
.061,.197
.5580000000000001,.411
.468,.324
.63,.362
.057,.254
.3027,.152
.616,.318
-.108,.014
-.107,.014
-.253,.062
-.11,.02
-.103,.02
-.074,.016
-.262,.061
.006,.008
.046,.024
.064,.022
.005,.005
.007,.007
.023,.008
.019,.009
.004,.01
.071,.024
.008,.009
.009,.014
.036,.019
.002,.006
.022,.007
.047,.018
.043,.017
.042,.013
.005,.011
.269,.05
.006,.008
.004,.005
.008,.011
.012,.008
.047,.024
.047,.019
.067,.023
.016,.014
.01,.006
.004,.006
.007,.012
.002,.006
.022,.013
.035,.02
.055,.021
.019,.009
.001,.004
.049,.016
.06,.033
.037,.02
.01,.007
.053,.02
.056,.019
.014,.006
.008,.013
.35,.11
.1,.06
.55,.15
.07,.19
.18,.24
.03,6
.35,.23
.05,.11
.29,.19
.26,.2
.15,.4
.15,.2
.5600000000000001,.33
.16,.21
.01,.09
.13,.08
.12,.07
.22,.09
.07,.08
.03,.06
.01,.06
.07,.17
.02,.32
.23,.15
.04,.14
.07,.17
.57,.24
.47,14
.225,.051
.372,.081
.087,.037
.291,.025
-.066,.101
.297,.059
.014,.002
.148,.075
.291,.024
.213,.138
.327,.081
.075,.109
.123,.061
.99,.276
.121,.038
.404,.091
.467,.217
.146,.056
.412,.09
.073,.023
.083,.142
.5639999999999999,.126
.049,.013
.784,.149
.954,.223
.059,.019
.516,.119
.484,.126
1.082,.218
.505,.227
.007,.001
-.002,.022
-.108,.0145
-.000773,.00318
.246,.108
-4.854,.997
-.0453,.0193
-.00641,.00724
-.000245,.00325
-5.332,.962
-.0563,.0207
-.117,.0141
-.00982,.00744
.764,.356
.8159999999999999,.363
.0115,.027
.0534,.0035
.173,.0172
.2338,.1219
.0062,.0557
.1544,.0234
.0489,.0353
.0893,.0378
.0757,.0371
.0278,.0278
.0732,.0051
.257,.0985
.0049,.001
.1675,.0178
.2684,.0681
.06,.0266
.0462,.0038
.0651,.0064
.0429,.0052
.0461,.0039
.0563,.0269
.0567,.0402
.1983,.0176
.2449,.061
.0069,.0013
.0006,.001
.3084,.109
.3133,.175
.2126,.05
.0462,.0045
.0322,.0035
.005,.0357
.032,.0034
.0634,.0048
.3044,.1431
.0639,.0046
.2567,.1146
.1771,.0843
.0589,.043
.0632,.0056
.1685,.0385
.0529,.0037
.0915,.0974
.0917,.1815
.0329,.0286
.0534,.0037
.198,.012
.1932,.0122
.0005,.001
.0051,.001
.0563,.0565
.1178,.0488
.0833,.0287
.0562,.0404
.1957,.0078
.001,.0014
.2095,.0173
-.065,.053
.044,.019
-.005,.035
-.061,.038
.082,.027
.036,.031
-.044,.022
.022,.026
-.109,.058
-.04,.023
-.236,.116
-.108,.035
-.003,.007
-.047,.024
.004,.021
.007,.026
-.125,.042
-.06,.035
-.111,.037
-.044,.016
-1.564,1.595
.194,.054
4.913,7.68
.069,.045
.392,.116
.089,.032
.213,.05
.43,.32
.087,.03
1.719,4.294
.014,.043
.093,.038
.181,.04
.001,.057
.163,.039
.161,.031
.105,.036
123.995,64.687
10.873,5.002
3.006,3.328
12.556,5.705
4.63,3.899
26.205,14.134
5.995,2.59
.0135,.0043
.19,.01
.15,.02
.78,.1
8.785,6.04
1.773,1.06
.373,.75
1.966,.48
.601,7.91
11.805,9.09
.591,1.9
1.389,.24
1.728,1.97
.379,.11
.045,.04
.04,.45
.8129999999999999,.64
.633,.32
1.447,5.87
.496,.31
1.051,3.23
1.218,.22
7.769,3.58
1.217,.27
.536,.45
.123,.44
.724,.31
.097,.67
.872,3.32
.053,.02
1.212,1.02
.026,.06
.488,.72
2.412,.93
16.849,11.94
1.526,.76
2.887,.71
.007,.07
1.416,.38
2.331,.95
2.717,5.75
4.138,12
2.995,4
4.83,3.97
14.5,9.949999999999999
.236,.11
1.167,.26
2.891,5.93
27.044,14.67
18.642,8.68
1.071,.65
1.514,1.01
8.898999999999999,14.13
24.001,9.789999999999999
11.48,8.34
4.967,4.122
6.331,5.212
44.82,12.29
2.457,2.922
.03,.054
32.965,9.704000000000001
9.781000000000001,10.32
49.364,12.674
.031,.101
8.923999999999999,13.93
6.622,6.665
.001,.071
.053,.064
2.038,3.776
32.981,9.346
.042,.054
11.522,11.67
51.267,11.524
26.753,8.56
37.66,10.73
.039,.054
3.617,15.494
47.4,3.498
2.344,4.02
8.147,6.313
2.831,5.37
33.787,10.474
32.981,9.346
.037,.101
.003,.076
.051,.082
6.14,2.013
.027,.05
30.134,8.082000000000001
34.038,11.173
.331,14.867
37.699,9
4.419,3.728
3.83,4.688
37.333,9.752000000000001
32.981,9.346
3.088,4.361
31.4,10.05
11.523,10.55
.053,.09
56.63,12.768
.02,.089
.041,.07
.002,.007
0,.005
.002,.002
.012,.212
.011,.007
.015,.008
.007,.004
.007,.007
.003,.007
.004,.003
.018,.015
.008,.006
.12,.041
.119,.069
0,.008
.215,.122
.35,.213
.01,.035
.35,.019
.027,.008
.006,.008
.058,.052
.214,.081
.299,.154
.552,.096
.125,.628
.206,.574
.257,.274
.009,.018
.004,.946
.201,.236
.102,.008
.112,.641
.201,.45
.029,.013
.092,.102
.047,.039
.034,.008
.112,.842
.147,.019
.111,.01
.004,.093
.092,.033
.039,.104
.004,.027
.094,.8
.677,.034
.047,.32
.428,.2
.009,.63
.127,.097
.677,.232
.039,.017
.257,.156
.428,.264
.029,.044
.118,.015
.127,.254
.094,.302
.131,.228
.005,.019
.131,.082
.092,.02
.005,.013
.222,.1
.299,.167
.005,.678
.102,.017
.125,.242
.111,.002
.206,.35
614944,165351.24
.0255,.01713051
.0292,.01551322
.0005,.00082403
.0001,.00002779
.0789,.02121529
.03,.01398986
.0369,.01728724
.0013,.00165442
.0015,.00068526
.0002,.00008206
.0044,.00118311
372,182.93401
9.903,2.6628008
.0142,.01538438
.0002,.00008797
255.1,324.64812
.0013,.00048701
.0023,.00155298
.0369,.01718745
.0007,.00031979
.0029,.00084508
.0022,.00074131
1741445,468254.18
.0307,.01724269
365,189.58727
470.9,366.95522
.0007,.00031486
300.2,128.6249
.0193,.01553143
.0188,.03451811
775,333.1402
.0035,.00146379
.0298,.01950711
.0934,.04282879
.0011,.00060274
.0179,.03781966
.0176,.01371504
263.6,131.98267
.0017,.00079643
.0017,.00048021
443,858.87408
.0004,.00613323
.0006,.00043766
.0683,.02767806
.0032,.00310031
.0045,.00210578
.0001,.00003529
.0014,.00348631
.001,.00062465
238.7,157.89751
402,143.21167
.0027,.00083362
.026,.01724341
9.106,4.7454859
.0016,.0005313
.0048,.00191072
.0063,.00183587
.0016,.00057755
.0002,.00079267
.0011,.00070138
.0017,.00048021
1.915,.78729505
.0018,.00114519
315.6,206.70099
406.3,197.83334
18.18,17.981585
.0175,.01188796
.0312,.06476699
.0037,.00210644
544.5,730.43173
.0016,.00097445
17.96,20.202344
304.7,330.11423
9.189,2.4708145
.0052,.00301907
173777,242710.06
.008,.00408882
6.956,1.870387
.0014,.00122733
.0683,.02718793
74.2,138.44833
.03,.01403853
.0015,.00071067
.025,.01099658
.032,.01458196
.0013,.00056061
.043,.019
.069,.032
.061,.025
.069,.028
-.0028,.0009
.004,.0057
-.0129,.0069
.0063,.006
.0011,.0059
-.0074,.0019
-.0013,.0046
-.0056,.0015
-.12,.14
-1.44,1.12
.0123,.0064
-.0196,.005
.038,.038
-.53,.4
.013,.006
-.0029,.001
.002,.004
-.1,.61
-.0033,.001
-3.83,1.13
-.0037,.0013
-.0026,.0012
-.002,.0008
-.0068,.0014
.014,.009
-.0027,.0013
.023,.089
-.0032,.0012
.0104,.0047
.82,1
.97,1.47
.13,5.54
-4.49,8.06
1.41,2.16
-6.91,5.6
.0047,.0045
.0025,.0057
-.0132,.0053
-.0046,.0017
.008,.007
-.14,.25
-.0104,.003
-.0069,.0051
-.0088,.0048
.056,.057
-.0064,.0019
-.0202,.0036
.07,.059
-.0046,.001
.0005,.0079
-2.35,2.06
.0084,.0047
-.0056,.0015
-.0131,.0036
.041,.04
-.0017,.0008
-.63,4.86
.094,.082
.029,.027
.012,.007
.0064,.0081
1.54,6.77
.0029,.0078
0,.005
-.0102,.0027
-.0165,.0079
.0053,.0058
-.0088,.004
-.003,.0012
.0092,.0065
-4.17,.82
-.44,.22
.01,.063
-.0001,.0061
-.0018,.0008
-.0104,.002
.0106,.008
-.0046,.001
-.0039,.0016
.009,.009
-1.6,4.03
.019,.009
